,Unnamed: 0,pipeline,rank,f1,recall,precision,confusion_matrix,status,elapsed,split,dataset,signal,fp,fn,tp
0,0,deepar,1,0.9999999999,0.99999999995,0.99999999995,"(0, 0, 2)",0,349.6826,True,MSL,P-11,0,0,2
1,1,deepar,2,0.99999999985,0.9999999999,0.9999999999,"(0, 0, 1)",0,245.39590099999998,True,MSL,M-7,0,0,1
2,2,deepar,3,0.99999999985,0.9999999999,0.9999999999,"(0, 0, 1)",0,217.19376499999998,True,MSL,S-2,0,0,1
3,3,deepar,4,0.99999999985,0.9999999999,0.9999999999,"(0, 0, 1)",0,271.59934599999997,True,MSL,T-5,0,0,1
4,4,deepar,5,0.6666666666,0.99999999995,0.4999999999875,"(2, 0, 2)",0,207.499785,True,MSL,T-8,2,0,2
5,5,deepar,6,0.6666666665777777,0.9999999999,0.499999999975,"(1, 0, 1)",0,360.4694,True,MSL,P-14,1,0,1
6,6,deepar,7,0.4999999999375,0.9999999999,0.3333333333222222,"(2, 0, 1)",0,314.972294,True,MSL,F-8,2,0,1
7,7,deepar,8,0.4999999999375,0.3333333333222222,0.9999999999,"(0, 2, 1)",0,327.531235,True,MSL,F-7,0,2,1
8,8,deepar,9,0.4999999999375,0.9999999999,0.3333333333222222,"(2, 0, 1)",0,310.36071400000003,True,MSL,F-5,2,0,1
9,9,deepar,10,0.399999999952,0.9999999999,0.24999999999375,"(3, 0, 1)",0,408.361015,True,MSL,P-10,3,0,1
10,10,deepar,11,0.0,0.0,0.0,"(2, 1, 0)",0,289.477606,True,MSL,F-4,2,1,0
11,11,deepar,12,0.0,0.0,0.0,"(0, 1, 0)",0,242.60514500000002,True,MSL,D-16,0,1,0
12,12,deepar,13,0.0,0.0,0.0,"(0, 1, 0)",0,260.98267200000004,True,MSL,D-15,0,1,0
13,13,deepar,14,0.0,0.0,0.0,"(0, 2, 0)",0,188.567033,True,MSL,T-9,0,2,0
14,14,deepar,15,0.0,0.0,0.0,"(0, 2, 0)",0,327.216016,True,MSL,D-14,0,2,0
15,15,deepar,16,0.0,0.0,0.0,"(0, 1, 0)",0,246.51749900000002,True,MSL,M-6,0,1,0
16,16,deepar,17,0.0,0.0,0.0,"(0, 2, 0)",0,234.84703100000002,True,MSL,T-13,0,2,0
17,17,deepar,18,0.0,0.0,0.0,"(0, 1, 0)",0,234.122845,True,MSL,T-12,0,1,0
18,18,deepar,19,0.0,0.0,0.0,"(0, 1, 0)",0,267.915688,True,MSL,M-1,0,1,0
19,19,deepar,20,0.0,0.0,0.0,"(1, 2, 0)",0,267.19554500000004,True,MSL,C-1,1,2,0
20,20,deepar,21,0.0,0.0,0.0,"(0, 1, 0)",0,329.484961,True,MSL,P-15,0,1,0
21,21,deepar,22,0.0,0.0,0.0,"(0, 1, 0)",0,263.65025499999996,True,MSL,M-5,0,1,0
22,22,deepar,23,0.0,0.0,0.0,"(0, 1, 0)",0,260.04154500000004,True,MSL,M-4,0,1,0
23,23,deepar,24,0.0,0.0,0.0,"(0, 1, 0)",0,260.63017,True,MSL,M-3,0,1,0
24,24,deepar,25,0.0,0.0,0.0,"(0, 1, 0)",0,271.832564,True,MSL,T-4,0,1,0
25,25,deepar,26,0.0,0.0,0.0,"(0, 1, 0)",0,268.753319,True,MSL,M-2,0,1,0
26,26,deepar,27,0.0,0.0,0.0,"(0, 2, 0)",0,219.088468,True,MSL,C-2,0,2,0
0,0,deepar,1,0.99999999985,0.9999999999,0.9999999999,"(0, 0, 1)",0,269.772856,False,artificialWithAnomaly,art_daily_jumpsup,0,0,1
1,1,deepar,2,0.99999999985,0.9999999999,0.9999999999,"(0, 0, 1)",0,271.375058,False,artificialWithAnomaly,art_daily_nojump,0,0,1
2,2,deepar,3,0.99999999985,0.9999999999,0.9999999999,"(0, 0, 1)",0,279.490617,False,artificialWithAnomaly,art_load_balancer_spikes,0,0,1
3,3,deepar,4,0.6666666665777777,0.9999999999,0.499999999975,"(1, 0, 1)",0,263.890376,False,artificialWithAnomaly,art_daily_flatmiddle,1,0,1
4,4,deepar,5,0.6666666665777777,0.9999999999,0.499999999975,"(1, 0, 1)",0,271.129377,False,artificialWithAnomaly,art_daily_jumpsdown,1,0,1
5,5,deepar,6,0.6666666665777777,0.9999999999,0.499999999975,"(1, 0, 1)",0,275.433358,False,artificialWithAnomaly,art_increase_spike_density,1,0,1
0,0,deepar,1,0.8888888888197529,0.999999999975,0.7999999999840001,"(1, 0, 4)",0,497.66041900000005,False,realTweets,Twitter_volume_AAPL,1,0,4
1,1,deepar,2,0.8571428570693876,0.9999999999666668,0.74999999998125,"(1, 0, 3)",0,430.36370199999993,False,realTweets,Twitter_volume_CVS,1,0,3
2,2,deepar,3,0.599999999946,0.9999999999666668,0.4285714285653061,"(4, 0, 3)",0,494.779796,False,realTweets,Twitter_volume_KO,4,0,3
3,3,deepar,4,0.5714285713632652,0.6666666666444444,0.4999999999875,"(2, 1, 2)",0,421.131172,False,realTweets,Twitter_volume_CRM,2,1,2
4,4,deepar,5,0.5454545453983471,0.74999999998125,0.4285714285653061,"(4, 1, 3)",0,516.696463,False,realTweets,Twitter_volume_AMZN,4,1,3
5,5,deepar,6,0.499999999940625,0.6666666666444444,0.39999999999200003,"(3, 1, 2)",0,551.524324,False,realTweets,Twitter_volume_GOOG,3,1,2
6,6,deepar,7,0.499999999925,0.499999999975,0.499999999975,"(1, 1, 1)",0,553.0641519999999,False,realTweets,Twitter_volume_IBM,1,1,1
7,7,deepar,8,0.4444444444,0.99999999995,0.2857142857102041,"(5, 0, 2)",0,517.322554,False,realTweets,Twitter_volume_FB,5,0,2
8,8,deepar,9,0.3333333332777777,0.24999999999375,0.499999999975,"(1, 3, 1)",0,537.4508940000001,False,realTweets,Twitter_volume_PFE,1,3,1
9,9,deepar,10,0.2222222221679012,0.19999999999600002,0.24999999999375,"(3, 4, 1)",0,548.3333259999999,False,realTweets,Twitter_volume_UPS,3,4,1
0,0,deepar,1,0.9999999999,0.99999999995,0.99999999995,"(0, 0, 2)",0,395.875042,False,realTraffic,occupancy_t4013,0,0,2
1,1,deepar,2,0.9999999999,0.99999999995,0.99999999995,"(0, 0, 2)",0,390.742259,False,realTraffic,speed_t4013,0,0,2
2,2,deepar,3,0.7499999999312501,0.74999999998125,0.74999999998125,"(1, 1, 3)",0,308.415969,False,realTraffic,speed_7578,1,1,3
3,3,deepar,4,0.499999999940625,0.6666666666444444,0.39999999999200003,"(3, 1, 2)",0,1060.83645,False,realTraffic,TravelTime_387,3,1,2
4,4,deepar,5,0.249999999971875,0.9999999999,0.14285714285510204,"(6, 0, 1)",0,870.010686,False,realTraffic,TravelTime_451,6,0,1
5,5,deepar,6,0.0,0.0,0.0,"(1, 1, 0)",0,399.454538,False,realTraffic,occupancy_6005,1,1,0
6,6,deepar,7,0.0,0.0,0.0,"(0, 1, 0)",0,427.66665300000005,False,realTraffic,speed_6005,0,1,0
0,0,deepar,1,0.9999999999333332,0.9999999999833332,0.9999999999833332,"(0, 0, 6)",0,263.599347,False,YAHOOA1,real_66,0,0,6
1,1,deepar,2,0.9999999999299999,0.99999999998,0.99999999998,"(0, 0, 5)",0,254.56056099999998,False,YAHOOA1,real_67,0,0,5
2,2,deepar,3,0.9999999999299999,0.99999999998,0.99999999998,"(0, 0, 5)",0,236.30961299999998,False,YAHOOA1,real_62,0,0,5
3,3,deepar,4,0.9999999999166668,0.9999999999666668,0.9999999999666668,"(0, 0, 3)",0,206.532337,False,YAHOOA1,real_8,0,0,3
4,4,deepar,5,0.9999999999166668,0.9999999999666668,0.9999999999666668,"(0, 0, 3)",0,206.798957,False,YAHOOA1,real_41,0,0,3
5,5,deepar,6,0.9999999999166668,0.9999999999666668,0.9999999999666668,"(0, 0, 3)",0,257.129754,False,YAHOOA1,real_4,0,0,3
6,6,deepar,7,0.9999999999166668,0.9999999999666668,0.9999999999666668,"(0, 0, 3)",0,205.486951,False,YAHOOA1,real_42,0,0,3
7,7,deepar,8,0.9999999999166668,0.9999999999666668,0.9999999999666668,"(0, 0, 3)",0,206.53501799999998,False,YAHOOA1,real_17,0,0,3
8,8,deepar,9,0.9999999999,0.99999999995,0.99999999995,"(0, 0, 2)",0,205.329182,False,YAHOOA1,real_31,0,0,2
9,9,deepar,10,0.9999999999,0.99999999995,0.99999999995,"(0, 0, 2)",0,208.255326,False,YAHOOA1,real_21,0,0,2
10,10,deepar,11,0.9999999999,0.99999999995,0.99999999995,"(0, 0, 2)",0,216.41137400000002,False,YAHOOA1,real_2,0,0,2
11,11,deepar,12,0.9999999999,0.99999999995,0.99999999995,"(0, 0, 2)",0,204.61741999999998,False,YAHOOA1,real_37,0,0,2
12,12,deepar,13,0.99999999985,0.9999999999,0.9999999999,"(0, 0, 1)",0,207.906048,False,YAHOOA1,real_16,0,0,1
13,13,deepar,14,0.99999999985,0.9999999999,0.9999999999,"(0, 0, 1)",0,204.371164,False,YAHOOA1,real_22,0,0,1
14,14,deepar,15,0.99999999985,0.9999999999,0.9999999999,"(0, 0, 1)",0,208.710337,False,YAHOOA1,real_33,0,0,1
15,15,deepar,16,0.99999999985,0.9999999999,0.9999999999,"(0, 0, 1)",0,209.003876,False,YAHOOA1,real_25,0,0,1
16,16,deepar,17,0.99999999985,0.9999999999,0.9999999999,"(0, 0, 1)",0,260.380444,False,YAHOOA1,real_10,0,0,1
17,17,deepar,18,0.99999999985,0.9999999999,0.9999999999,"(0, 0, 1)",0,260.55332599999997,False,YAHOOA1,real_6,0,0,1
18,18,deepar,19,0.99999999985,0.9999999999,0.9999999999,"(0, 0, 1)",0,260.343839,False,YAHOOA1,real_5,0,0,1
19,19,deepar,20,0.99999999985,0.9999999999,0.9999999999,"(0, 0, 1)",0,264.145445,False,YAHOOA1,real_11,0,0,1
20,20,deepar,21,0.99999999985,0.9999999999,0.9999999999,"(0, 0, 1)",0,207.19829,False,YAHOOA1,real_50,0,0,1
21,21,deepar,22,0.99999999985,0.9999999999,0.9999999999,"(0, 0, 1)",0,285.1932,False,YAHOOA1,real_58,0,0,1
22,22,deepar,23,0.8888888888197529,0.7999999999840001,0.999999999975,"(0, 1, 4)",0,261.24554900000004,False,YAHOOA1,real_60,0,1,4
23,23,deepar,24,0.8571428570693876,0.9999999999666668,0.74999999998125,"(1, 0, 3)",0,207.477895,False,YAHOOA1,real_15,1,0,3
24,24,deepar,25,0.8571428570693876,0.74999999998125,0.9999999999666668,"(0, 1, 3)",0,203.78295500000002,False,YAHOOA1,real_9,0,1,3
25,25,deepar,26,0.8571428570693876,0.9999999999666668,0.74999999998125,"(1, 0, 3)",0,257.351589,False,YAHOOA1,real_13,1,0,3
26,26,deepar,27,0.79999999992,0.6666666666444444,0.99999999995,"(0, 1, 2)",0,204.947824,False,YAHOOA1,real_20,0,1,2
27,27,deepar,28,0.79999999992,0.6666666666444444,0.99999999995,"(0, 1, 2)",0,268.011585,False,YAHOOA1,real_65,0,1,2
28,28,deepar,29,0.79999999992,0.6666666666444444,0.99999999995,"(0, 1, 2)",0,207.673431,False,YAHOOA1,real_43,0,1,2
29,29,deepar,30,0.6666666666024692,0.599999999988,0.74999999998125,"(1, 2, 3)",0,203.577694,False,YAHOOA1,real_47,1,2,3
30,30,deepar,31,0.6666666666,0.99999999995,0.4999999999875,"(2, 0, 2)",0,207.481165,False,YAHOOA1,real_1,2,0,2
31,31,deepar,32,0.6666666665944444,0.6666666666444444,0.6666666666444444,"(1, 1, 2)",0,208.224949,False,YAHOOA1,real_51,1,1,2
32,32,deepar,33,0.6666666665944444,0.6666666666444444,0.6666666666444444,"(1, 1, 2)",0,204.915565,False,YAHOOA1,real_57,1,1,2
33,33,deepar,34,0.6666666665777777,0.9999999999,0.499999999975,"(1, 0, 1)",0,204.909754,False,YAHOOA1,real_45,1,0,1
34,34,deepar,35,0.6666666665777777,0.499999999975,0.9999999999,"(0, 1, 1)",0,209.496223,False,YAHOOA1,real_36,0,1,1
35,35,deepar,36,0.6666666665777777,0.499999999975,0.9999999999,"(0, 1, 1)",0,207.732464,False,YAHOOA1,real_30,0,1,1
36,36,deepar,37,0.6666666665777777,0.499999999975,0.9999999999,"(0, 1, 1)",0,184.839149,False,YAHOOA1,real_54,0,1,1
37,37,deepar,38,0.6666666665777777,0.499999999975,0.9999999999,"(0, 1, 1)",0,260.439612,False,YAHOOA1,real_12,0,1,1
38,38,deepar,39,0.6666666665777777,0.499999999975,0.9999999999,"(0, 1, 1)",0,210.161756,False,YAHOOA1,real_32,0,1,1
39,39,deepar,40,0.6666666665777777,0.9999999999,0.499999999975,"(1, 0, 1)",0,253.03580699999998,False,YAHOOA1,real_63,1,0,1
40,40,deepar,41,0.6666666665777777,0.499999999975,0.9999999999,"(0, 1, 1)",0,260.162307,False,YAHOOA1,real_3,0,1,1
41,41,deepar,42,0.6666666665777777,0.499999999975,0.9999999999,"(0, 1, 1)",0,261.05751499999997,False,YAHOOA1,real_61,0,1,1
42,42,deepar,43,0.6666666665777777,0.9999999999,0.499999999975,"(1, 0, 1)",0,258.432787,False,YAHOOA1,real_14,1,0,1
43,43,deepar,44,0.5714285713632652,0.4999999999875,0.6666666666444444,"(1, 2, 2)",0,269.211022,False,YAHOOA1,real_39,1,2,2
44,44,deepar,45,0.5555555555049383,0.4166666666631945,0.8333333333194445,"(1, 7, 5)",0,209.753671,False,YAHOOA1,real_23,1,7,5
45,45,deepar,46,0.4999999999375,0.9999999999,0.3333333333222222,"(2, 0, 1)",0,270.45464599999997,False,YAHOOA1,real_48,2,0,1
46,46,deepar,47,0.4999999999375,0.3333333333222222,0.9999999999,"(0, 2, 1)",0,207.557298,False,YAHOOA1,real_24,0,2,1
47,47,deepar,48,0.4999999999375,0.3333333333222222,0.9999999999,"(0, 2, 1)",0,205.751688,False,YAHOOA1,real_19,0,2,1
48,48,deepar,49,0.499999999925,0.499999999975,0.499999999975,"(1, 1, 1)",0,210.766964,False,YAHOOA1,real_27,1,1,1
49,49,deepar,50,0.399999999952,0.24999999999375,0.9999999999,"(0, 3, 1)",0,209.351443,False,YAHOOA1,real_53,0,3,1
50,50,deepar,51,0.39999999993600005,0.3333333333222222,0.499999999975,"(1, 2, 1)",0,261.852537,False,YAHOOA1,real_7,1,2,1
51,51,deepar,52,0.39999999993600005,0.3333333333222222,0.499999999975,"(1, 2, 1)",0,205.543419,False,YAHOOA1,real_44,1,2,1
52,52,deepar,53,0.3333333332944444,0.9999999999,0.19999999999600002,"(4, 0, 1)",0,204.287871,False,YAHOOA1,real_18,4,0,1
53,53,deepar,54,0.3333333332944444,0.9999999999,0.19999999999600002,"(4, 0, 1)",0,255.573404,False,YAHOOA1,real_49,4,0,1
54,54,deepar,55,0.3333333332777777,0.24999999999375,0.499999999975,"(1, 3, 1)",0,209.586972,False,YAHOOA1,real_34,1,3,1
55,55,deepar,56,0.0,0.0,0.0,"(1, 4, 0)",0,209.028447,False,YAHOOA1,real_55,1,4,0
56,56,deepar,57,0.0,0.0,0.0,"(2, 2, 0)",0,205.133609,False,YAHOOA1,real_40,2,2,0
57,57,deepar,58,0.0,0.0,0.0,"(1, 4, 0)",0,207.52448700000002,False,YAHOOA1,real_56,1,4,0
58,58,deepar,59,0.0,0.0,0.0,"(1, 0, 0)",0,303.84231,False,YAHOOA1,real_59,1,0,0
59,59,deepar,60,0.0,0.0,0.0,"(1, 3, 0)",0,204.810502,False,YAHOOA1,real_46,1,3,0
60,60,deepar,61,0.0,0.0,0.0,"(1, 4, 0)",0,209.033504,False,YAHOOA1,real_52,1,4,0
61,61,deepar,62,0.0,0.0,0.0,"(1, 0, 0)",0,206.04318999999998,False,YAHOOA1,real_35,1,0,0
62,62,deepar,63,0.0,0.0,0.0,"(1, 5, 0)",0,205.31882099999999,False,YAHOOA1,real_29,1,5,0
63,63,deepar,64,0.0,0.0,0.0,"(1, 4, 0)",0,269.000924,False,YAHOOA1,real_28,1,4,0
64,64,deepar,65,0.0,0.0,0.0,"(1, 3, 0)",0,261.72233,False,YAHOOA1,real_38,1,3,0
65,65,deepar,66,0.0,0.0,0.0,"(1, 0, 0)",0,280.16518199999996,False,YAHOOA1,real_64,1,0,0
66,66,deepar,67,0.0,0.0,0.0,"(0, 5, 0)",0,203.74322,False,YAHOOA1,real_26,0,5,0
0,0,deepar,1,0.99999999985,0.9999999999,0.9999999999,"(0, 0, 1)",0,398.704343,True,SMAP,F-2,0,0,1
1,1,deepar,2,0.99999999985,0.9999999999,0.9999999999,"(0, 0, 1)",0,475.82602099999997,True,SMAP,E-2,0,0,1
2,2,deepar,3,0.99999999985,0.9999999999,0.9999999999,"(0, 0, 1)",0,321.790732,True,SMAP,A-8,0,0,1
3,3,deepar,4,0.99999999985,0.9999999999,0.9999999999,"(0, 0, 1)",0,368.283499,True,SMAP,D-9,0,0,1
4,4,deepar,5,0.99999999985,0.9999999999,0.9999999999,"(0, 0, 1)",0,297.788032,True,SMAP,D-12,0,0,1
5,5,deepar,6,0.99999999985,0.9999999999,0.9999999999,"(0, 0, 1)",0,401.86040099999997,True,SMAP,G-6,0,0,1
6,6,deepar,7,0.99999999985,0.9999999999,0.9999999999,"(0, 0, 1)",0,493.02863499999995,True,SMAP,A-3,0,0,1
7,7,deepar,8,0.99999999985,0.9999999999,0.9999999999,"(0, 0, 1)",0,1126.215583,True,SMAP,D-4,0,0,1
8,8,deepar,9,0.99999999985,0.9999999999,0.9999999999,"(0, 0, 1)",0,570.323459,True,SMAP,P-3,0,0,1
9,9,deepar,10,0.79999999992,0.99999999995,0.6666666666444444,"(1, 0, 2)",0,399.861597,True,SMAP,T-3,1,0,2
10,10,deepar,11,0.6666666665777777,0.9999999999,0.499999999975,"(1, 0, 1)",0,612.255337,True,SMAP,D-1,1,0,1
11,11,deepar,12,0.6666666665777777,0.9999999999,0.499999999975,"(1, 0, 1)",0,434.258099,True,SMAP,D-8,1,0,1
12,12,deepar,13,0.6666666665777777,0.9999999999,0.499999999975,"(1, 0, 1)",0,440.291559,True,SMAP,D-7,1,0,1
13,13,deepar,14,0.6666666665777777,0.9999999999,0.499999999975,"(1, 0, 1)",0,471.72318099999995,True,SMAP,S-1,1,0,1
14,14,deepar,15,0.6666666665777777,0.9999999999,0.499999999975,"(1, 0, 1)",0,374.753735,True,SMAP,R-1,1,0,1
15,15,deepar,16,0.6666666665777777,0.9999999999,0.499999999975,"(1, 0, 1)",0,498.50618399999996,True,SMAP,D-2,1,0,1
16,16,deepar,17,0.6666666665777777,0.9999999999,0.499999999975,"(1, 0, 1)",0,595.78068,True,SMAP,D-3,1,0,1
17,17,deepar,18,0.6666666665777777,0.9999999999,0.499999999975,"(1, 0, 1)",0,498.64302699999996,True,SMAP,E-8,1,0,1
18,18,deepar,19,0.6666666665777777,0.9999999999,0.499999999975,"(1, 0, 1)",0,504.638523,True,SMAP,E-7,1,0,1
19,19,deepar,20,0.6666666665777777,0.9999999999,0.499999999975,"(1, 0, 1)",0,333.342758,True,SMAP,D-13,1,0,1
20,20,deepar,21,0.6666666665777777,0.499999999975,0.9999999999,"(0, 1, 1)",0,519.399587,True,SMAP,E-11,0,1,1
21,21,deepar,22,0.6666666665777777,0.499999999975,0.9999999999,"(0, 1, 1)",0,495.838239,True,SMAP,E-10,0,1,1
22,22,deepar,23,0.6666666665777777,0.9999999999,0.499999999975,"(1, 0, 1)",0,257.781622,True,SMAP,A-5,1,0,1
23,23,deepar,24,0.599999999946,0.9999999999666668,0.4285714285653061,"(4, 0, 3)",0,375.27045400000003,True,SMAP,G-7,4,0,3
24,24,deepar,25,0.599999999946,0.9999999999666668,0.4285714285653061,"(4, 0, 3)",0,448.79326,True,SMAP,P-4,4,0,3
25,25,deepar,26,0.4999999999375,0.9999999999,0.3333333333222222,"(2, 0, 1)",0,513.7617650000001,True,SMAP,E-6,2,0,1
26,26,deepar,27,0.4999999999375,0.9999999999,0.3333333333222222,"(2, 0, 1)",0,446.39924,True,SMAP,G-2,2,0,1
27,27,deepar,28,0.4999999999375,0.9999999999,0.3333333333222222,"(2, 0, 1)",0,374.842266,True,SMAP,B-1,2,0,1
28,28,deepar,29,0.399999999952,0.9999999999,0.24999999999375,"(3, 0, 1)",0,373.98054,True,SMAP,G-4,3,0,1
29,29,deepar,30,0.399999999952,0.9999999999,0.24999999999375,"(3, 0, 1)",0,579.168973,True,SMAP,A-1,3,0,1
30,30,deepar,31,0.399999999952,0.9999999999,0.24999999999375,"(3, 0, 1)",0,458.002267,True,SMAP,D-6,3,0,1
31,31,deepar,32,0.3333333332944444,0.9999999999,0.19999999999600002,"(4, 0, 1)",0,460.49064599999997,True,SMAP,G-3,4,0,1
32,32,deepar,33,0.3333333332944444,0.9999999999,0.19999999999600002,"(4, 0, 1)",0,499.16025999999994,True,SMAP,E-9,4,0,1
33,33,deepar,34,0.0,0.0,0.0,"(0, 1, 0)",0,392.204173,True,SMAP,P-7,0,1,0
34,34,deepar,35,0.0,0.0,0.0,"(0, 1, 0)",0,403.379034,True,SMAP,A-7,0,1,0
35,35,deepar,36,0.0,0.0,0.0,"(0, 1, 0)",0,252.183678,True,SMAP,A-6,0,1,0
36,36,deepar,37,0.0,0.0,0.0,"(2, 1, 0)",0,322.023683,True,SMAP,A-9,2,1,0
37,37,deepar,38,0.0,0.0,0.0,"(0, 1, 0)",0,370.187995,True,SMAP,D-11,0,1,0
38,38,deepar,39,0.0,0.0,0.0,"(0, 3, 0)",0,513.483454,True,SMAP,P-1,0,3,0
39,39,deepar,40,0.0,0.0,0.0,"(0, 1, 0)",0,443.85410999999993,True,SMAP,D-5,0,1,0
40,40,deepar,41,0.0,0.0,0.0,"(2, 1, 0)",0,485.457262,True,SMAP,T-2,2,1,0
41,41,deepar,42,0.0,0.0,0.0,"(0, 2, 0)",0,474.8853,True,SMAP,T-1,0,2,0
42,42,deepar,43,0.0,0.0,0.0,"(1, 1, 0)",0,482.77954900000003,True,SMAP,F-1,1,1,0
43,43,deepar,44,0.0,0.0,0.0,"(0, 1, 0)",0,469.50082599999996,True,SMAP,G-1,0,1,0
44,44,deepar,45,0.0,0.0,0.0,"(0, 1, 0)",0,454.30706200000003,True,SMAP,A-4,0,1,0
45,45,deepar,46,0.0,0.0,0.0,"(0, 1, 0)",0,479.456995,True,SMAP,A-2,0,1,0
46,46,deepar,47,0.0,0.0,0.0,"(1, 3, 0)",0,582.19064,True,SMAP,E-13,1,3,0
47,47,deepar,48,0.0,0.0,0.0,"(0, 2, 0)",0,553.416077,True,SMAP,E-12,0,2,0
48,48,deepar,49,0.0,0.0,0.0,"(0, 1, 0)",0,488.592941,True,SMAP,E-5,0,1,0
49,49,deepar,50,0.0,0.0,0.0,"(1, 1, 0)",0,471.852067,True,SMAP,E-4,1,1,0
50,50,deepar,51,0.0,0.0,0.0,"(1, 1, 0)",0,495.07494,True,SMAP,E-3,1,1,0
51,51,deepar,52,0.0,0.0,0.0,"(0, 2, 0)",0,493.19835,True,SMAP,E-1,0,2,0
52,52,deepar,53,0.0,0.0,0.0,"(1, 1, 0)",0,393.538123,True,SMAP,F-3,1,1,0
0,0,deepar,1,0.9999999999,0.99999999995,0.99999999995,"(0, 0, 2)",0,242.64304900000002,False,realAWSCloudwatch,iio_us-east-1_i-a2eb1cd9_NetworkIn,0,0,2
1,1,deepar,2,0.99999999985,0.9999999999,0.9999999999,"(0, 0, 1)",0,325.965153,False,realAWSCloudwatch,ec2_network_in_257a54,0,0,1
2,2,deepar,3,0.79999999992,0.99999999995,0.6666666666444444,"(1, 0, 2)",0,280.04801000000003,False,realAWSCloudwatch,rds_cpu_utilization_e47b3b,1,0,2
3,3,deepar,4,0.79999999992,0.6666666666444444,0.99999999995,"(0, 1, 2)",0,299.815346,False,realAWSCloudwatch,ec2_cpu_utilization_fe7f93,0,1,2
4,4,deepar,5,0.6666666665777777,0.499999999975,0.9999999999,"(0, 1, 1)",0,1161.247216,False,realAWSCloudwatch,ec2_network_in_5abac7,0,1,1
5,5,deepar,6,0.6666666665777777,0.9999999999,0.499999999975,"(1, 0, 1)",0,317.944961,False,realAWSCloudwatch,ec2_cpu_utilization_825cc2,1,0,1
6,6,deepar,7,0.6666666665777777,0.9999999999,0.499999999975,"(1, 0, 1)",0,469.659603,False,realAWSCloudwatch,ec2_cpu_utilization_ac20cd,1,0,1
7,7,deepar,8,0.6666666665777777,0.499999999975,0.9999999999,"(0, 1, 1)",0,293.228873,False,realAWSCloudwatch,elb_request_count_8c0756,0,1,1
8,8,deepar,9,0.5714285713714286,0.99999999995,0.39999999999200003,"(3, 0, 2)",0,326.392912,False,realAWSCloudwatch,ec2_cpu_utilization_53ea38,3,0,2
9,9,deepar,10,0.4999999999375,0.3333333333222222,0.9999999999,"(0, 2, 1)",0,360.804484,False,realAWSCloudwatch,grok_asg_anomaly,0,2,1
10,10,deepar,11,0.4999999999375,0.9999999999,0.3333333333222222,"(2, 0, 1)",0,385.320912,False,realAWSCloudwatch,ec2_disk_write_bytes_1ef3de,2,0,1
11,11,deepar,12,0.499999999925,0.499999999975,0.499999999975,"(1, 1, 1)",0,278.985291,False,realAWSCloudwatch,rds_cpu_utilization_cc0c53,1,1,1
12,12,deepar,13,0.499999999925,0.499999999975,0.499999999975,"(1, 1, 1)",0,309.879429,False,realAWSCloudwatch,ec2_cpu_utilization_5f5533,1,1,1
13,13,deepar,14,0.249999999975,0.99999999995,0.14285714285612244,"(12, 0, 2)",0,339.702888,False,realAWSCloudwatch,ec2_cpu_utilization_24ae8d,12,0,2
14,14,deepar,15,0.0,0.0,0.0,"(1, 3, 0)",0,243.55807599999997,False,realAWSCloudwatch,ec2_disk_write_bytes_c0d644,1,3,0
15,15,deepar,16,0.0,0.0,0.0,"(14, 0, 0)",0,345.667938,False,realAWSCloudwatch,ec2_cpu_utilization_c6585a,14,0,0
16,16,deepar,17,0.0,0.0,0.0,"(0, 1, 0)",0,353.271008,False,realAWSCloudwatch,ec2_cpu_utilization_77c1ca,0,1,0
0,0,deepar,1,0.9999999999375001,0.9999999999875,0.9999999999875,"(0, 0, 8)",0,272.028998,False,YAHOOA4,A4Benchmark-TS34,0,0,8
1,1,deepar,2,0.9999999999357144,0.9999999999857144,0.9999999999857144,"(0, 0, 7)",0,211.87011099999998,False,YAHOOA4,A4Benchmark-TS63,0,0,7
2,2,deepar,3,0.9999999999,0.99999999995,0.99999999995,"(0, 0, 2)",0,174.039415,False,YAHOOA4,A4Benchmark-TS96,0,0,2
3,3,deepar,4,0.9411764705273356,0.8888888888790123,0.9999999999875,"(0, 1, 8)",0,216.679029,False,YAHOOA4,A4Benchmark-TS89,0,1,8
4,4,deepar,5,0.9333333332711112,0.9999999999857144,0.8749999999890625,"(1, 0, 7)",0,174.885527,False,YAHOOA4,A4Benchmark-TS45,1,0,7
5,5,deepar,6,0.9230769230130176,0.9999999999833332,0.8571428571306122,"(1, 0, 6)",0,179.74246599999998,False,YAHOOA4,A4Benchmark-TS4,1,0,6
6,6,deepar,7,0.9090909090247934,0.99999999998,0.8333333333194445,"(1, 0, 5)",0,186.729276,False,YAHOOA4,A4Benchmark-TS30,1,0,5
7,7,deepar,8,0.9090909090247934,0.99999999998,0.8333333333194445,"(1, 0, 5)",0,218.322152,False,YAHOOA4,A4Benchmark-TS73,1,0,5
8,8,deepar,9,0.9090909090247934,0.99999999998,0.8333333333194445,"(1, 0, 5)",0,185.00536699999998,False,YAHOOA4,A4Benchmark-TS2,1,0,5
9,9,deepar,10,0.8888888888197529,0.999999999975,0.7999999999840001,"(1, 0, 4)",0,181.464003,False,YAHOOA4,A4Benchmark-TS23,1,0,4
10,10,deepar,11,0.8799999999430399,0.8461538461473372,0.9166666666590276,"(1, 2, 11)",0,174.376712,False,YAHOOA4,A4Benchmark-TS21,1,2,11
11,11,deepar,12,0.8749999999390625,0.8749999999890625,0.8749999999890625,"(1, 1, 7)",0,202.68006200000002,False,YAHOOA4,A4Benchmark-TS6,1,1,7
12,12,deepar,13,0.8695652173345936,0.7692307692248521,0.99999999999,"(0, 3, 10)",0,210.10605499999997,False,YAHOOA4,A4Benchmark-TS20,0,3,10
13,13,deepar,14,0.8695652173338375,0.8333333333263889,0.9090909090826448,"(1, 2, 10)",0,200.85988600000002,False,YAHOOA4,A4Benchmark-TS90,1,2,10
14,14,deepar,15,0.8571428570693876,0.9999999999666668,0.74999999998125,"(1, 0, 3)",0,175.382384,False,YAHOOA4,A4Benchmark-TS54,1,0,3
15,15,deepar,16,0.8571428570693876,0.9999999999666668,0.74999999998125,"(1, 0, 3)",0,217.95221899999999,False,YAHOOA4,A4Benchmark-TS61,1,0,3
16,16,deepar,17,0.8571428570693876,0.9999999999666668,0.74999999998125,"(1, 0, 3)",0,177.13302,False,YAHOOA4,A4Benchmark-TS37,1,0,3
17,17,deepar,18,0.8333333332777778,0.7142857142806123,0.99999999999,"(0, 4, 10)",0,229.477393,False,YAHOOA4,A4Benchmark-TS13,0,4,10
18,18,deepar,19,0.8235294117051903,0.7777777777691358,0.8749999999890625,"(1, 2, 7)",0,175.240794,False,YAHOOA4,A4Benchmark-TS46,1,2,7
19,19,deepar,20,0.7999999999443199,0.7142857142806123,0.9090909090826448,"(1, 4, 10)",0,220.44060699999997,False,YAHOOA4,A4Benchmark-TS67,1,4,10
20,20,deepar,21,0.7999999999424999,0.7272727272661157,0.8888888888790123,"(1, 3, 8)",0,177.81503999999998,False,YAHOOA4,A4Benchmark-TS43,1,3,8
21,21,deepar,22,0.7999999999359999,0.6666666666555555,0.999999999975,"(0, 2, 4)",0,176.368915,False,YAHOOA4,A4Benchmark-TS93,0,2,4
22,22,deepar,23,0.7499999999312501,0.74999999998125,0.74999999998125,"(1, 1, 3)",0,212.319335,False,YAHOOA4,A4Benchmark-TS70,1,1,3
23,23,deepar,24,0.7368421052088643,0.5833333333284723,0.9999999999857144,"(0, 5, 7)",0,174.504231,False,YAHOOA4,A4Benchmark-TS80,0,5,7
24,24,deepar,25,0.7272727272198347,0.5714285714244898,0.9999999999875,"(0, 6, 8)",0,176.966385,False,YAHOOA4,A4Benchmark-TS82,0,6,8
25,25,deepar,26,0.7272727272099173,0.7999999999840001,0.6666666666555555,"(2, 1, 4)",0,174.666635,False,YAHOOA4,A4Benchmark-TS95,2,1,4
26,26,deepar,27,0.7272727272099173,0.7999999999840001,0.6666666666555555,"(2, 1, 4)",0,220.353362,False,YAHOOA4,A4Benchmark-TS72,2,1,4
27,27,deepar,28,0.7142857142295919,0.5555555555493827,0.99999999998,"(0, 4, 5)",0,243.45820899999998,False,YAHOOA4,A4Benchmark-TS38,0,4,5
28,28,deepar,29,0.6666666666158729,0.4999999999964286,0.9999999999857144,"(0, 7, 7)",0,176.738831,False,YAHOOA4,A4Benchmark-TS7,0,7,7
29,29,deepar,30,0.6666666666097778,0.5555555555493827,0.8333333333194445,"(1, 4, 5)",0,213.810381,False,YAHOOA4,A4Benchmark-TS49,1,4,5
30,30,deepar,31,0.6666666666024692,0.599999999988,0.74999999998125,"(1, 2, 3)",0,257.48571400000003,False,YAHOOA4,A4Benchmark-TS11,1,2,3
31,31,deepar,32,0.6666666666,0.99999999995,0.4999999999875,"(2, 0, 2)",0,177.192163,False,YAHOOA4,A4Benchmark-TS53,2,0,2
32,32,deepar,33,0.6666666665777777,0.9999999999,0.499999999975,"(1, 0, 1)",0,176.136234,False,YAHOOA4,A4Benchmark-TS87,1,0,1
33,33,deepar,34,0.6666666665777777,0.9999999999,0.499999999975,"(1, 0, 1)",0,171.839891,False,YAHOOA4,A4Benchmark-TS47,1,0,1
34,34,deepar,35,0.6666666665777777,0.9999999999,0.499999999975,"(1, 0, 1)",0,247.20208399999999,False,YAHOOA4,A4Benchmark-TS16,1,0,1
35,35,deepar,36,0.6666666665777777,0.9999999999,0.499999999975,"(1, 0, 1)",0,173.76291,False,YAHOOA4,A4Benchmark-TS68,1,0,1
36,36,deepar,37,0.6249999999492188,0.4545454545413224,0.99999999998,"(0, 6, 5)",0,216.499512,False,YAHOOA4,A4Benchmark-TS76,0,6,5
37,37,deepar,38,0.6153846153325444,0.44444444443950615,0.999999999975,"(0, 5, 4)",0,176.029335,False,YAHOOA4,A4Benchmark-TS81,0,5,4
38,38,deepar,39,0.6153846153325444,0.44444444443950615,0.999999999975,"(0, 5, 4)",0,176.33746499999998,False,YAHOOA4,A4Benchmark-TS24,0,5,4
39,39,deepar,40,0.599999999946,0.4285714285653061,0.9999999999666668,"(0, 4, 3)",0,176.684867,False,YAHOOA4,A4Benchmark-TS50,0,4,3
40,40,deepar,41,0.5882352940650518,0.4545454545413224,0.8333333333194445,"(1, 6, 5)",0,182.18907,False,YAHOOA4,A4Benchmark-TS14,1,6,5
41,41,deepar,42,0.5714285713823128,0.3999999999973333,0.9999999999833332,"(0, 9, 6)",0,217.36369399999998,False,YAHOOA4,A4Benchmark-TS98,0,9,6
42,42,deepar,43,0.5714285713823128,0.3999999999973333,0.9999999999833332,"(0, 9, 6)",0,174.551971,False,YAHOOA4,A4Benchmark-TS86,0,9,6
43,43,deepar,44,0.5714285713823128,0.3999999999973333,0.9999999999833332,"(0, 9, 6)",0,175.72834699999999,False,YAHOOA4,A4Benchmark-TS36,0,9,6
44,44,deepar,45,0.5714285713632652,0.4999999999875,0.6666666666444444,"(1, 2, 2)",0,516.667776,False,YAHOOA4,A4Benchmark-TS31,1,2,2
45,45,deepar,46,0.5714285713632652,0.6666666666444444,0.4999999999875,"(2, 1, 2)",0,177.505254,False,YAHOOA4,A4Benchmark-TS84,2,1,2
46,46,deepar,47,0.5555555555092593,0.3846153846124261,0.99999999998,"(0, 8, 5)",0,201.620935,False,YAHOOA4,A4Benchmark-TS1,0,8,5
47,47,deepar,48,0.5454545454061983,0.3999999999973333,0.8571428571306122,"(1, 9, 6)",0,218.846921,False,YAHOOA4,A4Benchmark-TS65,1,9,6
48,48,deepar,49,0.49999999995624994,0.33333333333055554,0.999999999975,"(0, 8, 4)",0,176.950306,False,YAHOOA4,A4Benchmark-TS35,0,8,4
49,49,deepar,50,0.4999999999541666,0.3333333333296296,0.9999999999666668,"(0, 6, 3)",0,196.20051,False,YAHOOA4,A4Benchmark-TS15,0,6,3
50,50,deepar,51,0.49999999995,0.33333333332777776,0.99999999995,"(0, 4, 2)",0,174.120918,False,YAHOOA4,A4Benchmark-TS40,0,4,2
51,51,deepar,52,0.4999999999375,0.4999999999875,0.4999999999875,"(2, 2, 2)",0,183.178192,False,YAHOOA4,A4Benchmark-TS33,2,2,2
52,52,deepar,53,0.499999999925,0.499999999975,0.499999999975,"(1, 1, 1)",0,214.54549599999999,False,YAHOOA4,A4Benchmark-TS74,1,1,1
53,53,deepar,54,0.499999999925,0.499999999975,0.499999999975,"(1, 1, 1)",0,178.456908,False,YAHOOA4,A4Benchmark-TS55,1,1,1
54,54,deepar,55,0.4705882352525951,0.3076923076899408,0.999999999975,"(0, 9, 4)",0,180.013466,False,YAHOOA4,A4Benchmark-TS78,0,9,4
55,55,deepar,56,0.4285714285316327,0.2727272727247934,0.9999999999666668,"(0, 8, 3)",0,180.775151,False,YAHOOA4,A4Benchmark-TS32,0,8,3
56,56,deepar,57,0.4210526315412742,0.2666666666648889,0.999999999975,"(0, 11, 4)",0,173.490083,False,YAHOOA4,A4Benchmark-TS92,0,11,4
57,57,deepar,58,0.399999999964,0.24999999999843756,0.999999999975,"(0, 12, 4)",0,238.704454,False,YAHOOA4,A4Benchmark-TS39,0,12,4
58,58,deepar,59,0.3999999999585,0.2666666666648889,0.7999999999840001,"(1, 11, 4)",0,182.792364,False,YAHOOA4,A4Benchmark-TS27,1,11,4
59,59,deepar,60,0.399999999952,0.24999999999375,0.9999999999,"(0, 3, 1)",0,256.97011299999997,False,YAHOOA4,A4Benchmark-TS10,0,3,1
60,60,deepar,61,0.3749999999648437,0.2307692307674556,0.9999999999666668,"(0, 10, 3)",0,299.94777,False,YAHOOA4,A4Benchmark-TS8,0,10,3
61,61,deepar,62,0.3749999999648437,0.2307692307674556,0.9999999999666668,"(0, 10, 3)",0,211.452476,False,YAHOOA4,A4Benchmark-TS88,0,10,3
62,62,deepar,63,0.3333333333018519,0.19999999999866666,0.9999999999666668,"(0, 12, 3)",0,230.01789300000002,False,YAHOOA4,A4Benchmark-TS99,0,12,3
63,63,deepar,64,0.3333333332944444,0.19999999999600002,0.9999999999,"(0, 4, 1)",0,220.053961,False,YAHOOA4,A4Benchmark-TS64,0,4,1
64,64,deepar,65,0.3333333332777777,0.24999999999375,0.499999999975,"(1, 3, 1)",0,175.28309199999998,False,YAHOOA4,A4Benchmark-TS42,1,3,1
65,65,deepar,66,0.3333333332722222,0.3333333333222222,0.3333333333222222,"(2, 2, 1)",0,222.23105499999997,False,YAHOOA4,A4Benchmark-TS60,2,2,1
66,66,deepar,67,0.2857142856816326,0.16666666666388888,0.9999999999,"(0, 5, 1)",0,175.219157,False,YAHOOA4,A4Benchmark-TS5,0,5,1
67,67,deepar,68,0.2857142856693877,0.199999999998,0.4999999999875,"(2, 8, 2)",0,177.079743,False,YAHOOA4,A4Benchmark-TS22,2,8,2
68,68,deepar,69,0.2666666666311111,0.16666666666527774,0.6666666666444444,"(1, 10, 2)",0,210.757296,False,YAHOOA4,A4Benchmark-TS48,1,10,2
69,69,deepar,70,0.249999999975,0.14285714285612244,0.99999999995,"(0, 12, 2)",0,217.063172,False,YAHOOA4,A4Benchmark-TS62,0,12,2
70,70,deepar,71,0.24999999996640626,0.1538461538449704,0.6666666666444444,"(1, 11, 2)",0,174.970499,False,YAHOOA4,A4Benchmark-TS41,1,11,2
71,71,deepar,72,0.24999999994687502,0.19999999999600002,0.3333333333222222,"(2, 4, 1)",0,267.8108,False,YAHOOA4,A4Benchmark-TS12,2,4,1
72,72,deepar,73,0.2222222221728395,0.16666666666388888,0.3333333333222222,"(2, 5, 1)",0,409.36065299999996,False,YAHOOA4,A4Benchmark-TS3,2,5,1
73,73,deepar,74,0.21052631576066488,0.12499999999921875,0.6666666666444444,"(1, 14, 2)",0,174.076649,False,YAHOOA4,A4Benchmark-TS44,1,14,2
74,74,deepar,75,0.199999999954,0.14285714285510204,0.3333333333222222,"(2, 6, 1)",0,223.026535,False,YAHOOA4,A4Benchmark-TS100,2,6,1
75,75,deepar,76,0.1818181817983471,0.099999999999,0.9999999999,"(0, 9, 1)",0,213.95093599999998,False,YAHOOA4,A4Benchmark-TS17,0,9,1
76,76,deepar,77,0.1818181817983471,0.099999999999,0.9999999999,"(0, 9, 1)",0,217.984006,False,YAHOOA4,A4Benchmark-TS71,0,9,1
77,77,deepar,78,0.15384615382958575,0.08333333333263887,0.9999999999,"(0, 11, 1)",0,180.597596,False,YAHOOA4,A4Benchmark-TS28,0,11,1
78,78,deepar,79,0.15384615381775146,0.09090909090826446,0.499999999975,"(1, 10, 1)",0,194.70433799999998,False,YAHOOA4,A4Benchmark-TS25,1,10,1
79,79,deepar,80,0.14285714283061224,0.08333333333263887,0.499999999975,"(1, 11, 1)",0,216.25035699999998,False,YAHOOA4,A4Benchmark-TS77,1,11,1
80,80,deepar,81,0.13333333331911112,0.07142857142806122,0.9999999999,"(0, 13, 1)",0,184.66663400000002,False,YAHOOA4,A4Benchmark-TS29,0,13,1
81,81,deepar,82,0.13333333329955555,0.08333333333263887,0.3333333333222222,"(2, 11, 1)",0,180.53471499999998,False,YAHOOA4,A4Benchmark-TS91,2,11,1
82,82,deepar,83,0.11764705881107268,0.062499999999609375,0.9999999999,"(0, 15, 1)",0,174.99901699999998,False,YAHOOA4,A4Benchmark-TS97,0,15,1
83,83,deepar,84,0.0,0.0,0.0,"(2, 2, 0)",0,185.90319399999998,False,YAHOOA4,A4Benchmark-TS26,2,2,0
84,84,deepar,85,0.0,0.0,0.0,"(0, 16, 0)",0,175.778572,False,YAHOOA4,A4Benchmark-TS56,0,16,0
85,85,deepar,86,0.0,0.0,0.0,"(1, 1, 0)",0,217.95415099999997,False,YAHOOA4,A4Benchmark-TS59,1,1,0
86,86,deepar,87,0.0,0.0,0.0,"(1, 3, 0)",0,177.005103,False,YAHOOA4,A4Benchmark-TS83,1,3,0
87,87,deepar,88,0.0,0.0,0.0,"(1, 8, 0)",0,218.566371,False,YAHOOA4,A4Benchmark-TS58,1,8,0
88,88,deepar,89,0.0,0.0,0.0,"(0, 6, 0)",0,177.161194,False,YAHOOA4,A4Benchmark-TS57,0,6,0
89,89,deepar,90,0.0,0.0,0.0,"(2, 1, 0)",0,213.923289,False,YAHOOA4,A4Benchmark-TS66,2,1,0
90,90,deepar,91,0.0,0.0,0.0,"(2, 1, 0)",0,186.084379,False,YAHOOA4,A4Benchmark-TS18,2,1,0
91,91,deepar,92,0.0,0.0,0.0,"(0, 13, 0)",0,211.22755,False,YAHOOA4,A4Benchmark-TS75,0,13,0
92,92,deepar,93,0.0,0.0,0.0,"(1, 12, 0)",0,200.888982,False,YAHOOA4,A4Benchmark-TS19,1,12,0
93,93,deepar,94,0.0,0.0,0.0,"(1, 11, 0)",0,173.15288999999999,False,YAHOOA4,A4Benchmark-TS52,1,11,0
94,94,deepar,95,0.0,0.0,0.0,"(1, 2, 0)",0,175.060627,False,YAHOOA4,A4Benchmark-TS69,1,2,0
95,95,deepar,96,0.0,0.0,0.0,"(0, 16, 0)",0,181.002732,False,YAHOOA4,A4Benchmark-TS85,0,16,0
96,96,deepar,97,0.0,0.0,0.0,"(1, 1, 0)",0,219.656613,False,YAHOOA4,A4Benchmark-TS9,1,1,0
97,97,deepar,98,0.0,0.0,0.0,"(1, 1, 0)",0,171.683092,False,YAHOOA4,A4Benchmark-TS51,1,1,0
98,98,deepar,99,0.0,0.0,0.0,"(1, 3, 0)",0,176.345609,False,YAHOOA4,A4Benchmark-TS79,1,3,0
99,99,deepar,100,0.0,0.0,0.0,"(0, 13, 0)",0,175.063553,False,YAHOOA4,A4Benchmark-TS94,0,13,0
0,0,deepar,1,0.8571428570693876,0.9999999999666668,0.74999999998125,"(1, 0, 3)",0,967.1459199999999,False,realAdExchange,exchange-3_cpc_results,1,0,3
1,1,deepar,2,0.4999999999472223,0.74999999998125,0.3749999999953125,"(5, 1, 3)",0,973.115385,False,realAdExchange,exchange-4_cpm_results,5,1,3
2,2,deepar,3,0.499999999925,0.499999999975,0.499999999975,"(1, 1, 1)",0,963.3857019999999,False,realAdExchange,exchange-2_cpm_results,1,1,1
3,3,deepar,4,0.249999999971875,0.9999999999,0.14285714285510204,"(6, 0, 1)",0,968.1744560000001,False,realAdExchange,exchange-3_cpm_results,6,0,1
4,4,deepar,5,0.0,0.0,0.0,"(1, 1, 0)",0,975.370125,False,realAdExchange,exchange-2_cpc_results,1,1,0
0,0,deepar,1,0.9999999999166668,0.9999999999666668,0.9999999999666668,"(0, 0, 3)",0,207.05848799999998,False,YAHOOA2,synthetic_41,0,0,3
1,1,deepar,2,0.9999999999166668,0.9999999999666668,0.9999999999666668,"(0, 0, 3)",0,239.44451600000002,False,YAHOOA2,synthetic_29,0,0,3
2,2,deepar,3,0.9999999999166668,0.9999999999666668,0.9999999999666668,"(0, 0, 3)",0,207.89633600000002,False,YAHOOA2,synthetic_83,0,0,3
3,3,deepar,4,0.9999999999166668,0.9999999999666668,0.9999999999666668,"(0, 0, 3)",0,205.001136,False,YAHOOA2,synthetic_68,0,0,3
4,4,deepar,5,0.9999999999166668,0.9999999999666668,0.9999999999666668,"(0, 0, 3)",0,233.23792999999998,False,YAHOOA2,synthetic_35,0,0,3
5,5,deepar,6,0.9999999999166668,0.9999999999666668,0.9999999999666668,"(0, 0, 3)",0,211.009016,False,YAHOOA2,synthetic_23,0,0,3
6,6,deepar,7,0.9999999999166668,0.9999999999666668,0.9999999999666668,"(0, 0, 3)",0,239.491487,False,YAHOOA2,synthetic_98,0,0,3
7,7,deepar,8,0.9999999999166668,0.9999999999666668,0.9999999999666668,"(0, 0, 3)",0,249.75766000000002,False,YAHOOA2,synthetic_14,0,0,3
8,8,deepar,9,0.9999999999166668,0.9999999999666668,0.9999999999666668,"(0, 0, 3)",0,249.14527,False,YAHOOA2,synthetic_80,0,0,3
9,9,deepar,10,0.9999999999166668,0.9999999999666668,0.9999999999666668,"(0, 0, 3)",0,301.219986,False,YAHOOA2,synthetic_59,0,0,3
10,10,deepar,11,0.9999999999166668,0.9999999999666668,0.9999999999666668,"(0, 0, 3)",0,260.910841,False,YAHOOA2,synthetic_2,0,0,3
11,11,deepar,12,0.9999999999166668,0.9999999999666668,0.9999999999666668,"(0, 0, 3)",0,271.02502799999996,False,YAHOOA2,synthetic_17,0,0,3
12,12,deepar,13,0.9999999999166668,0.9999999999666668,0.9999999999666668,"(0, 0, 3)",0,299.72969900000004,False,YAHOOA2,synthetic_38,0,0,3
13,13,deepar,14,0.9999999999166668,0.9999999999666668,0.9999999999666668,"(0, 0, 3)",0,229.94929,False,YAHOOA2,synthetic_56,0,0,3
14,14,deepar,15,0.9999999999166668,0.9999999999666668,0.9999999999666668,"(0, 0, 3)",0,265.77435299999996,False,YAHOOA2,synthetic_5,0,0,3
15,15,deepar,16,0.9999999999166668,0.9999999999666668,0.9999999999666668,"(0, 0, 3)",0,205.836531,False,YAHOOA2,synthetic_95,0,0,3
16,16,deepar,17,0.9999999999166668,0.9999999999666668,0.9999999999666668,"(0, 0, 3)",0,207.572923,False,YAHOOA2,synthetic_32,0,0,3
17,17,deepar,18,0.9999999999166668,0.9999999999666668,0.9999999999666668,"(0, 0, 3)",0,209.13412399999999,False,YAHOOA2,synthetic_26,0,0,3
18,18,deepar,19,0.9999999999166668,0.9999999999666668,0.9999999999666668,"(0, 0, 3)",0,235.014471,False,YAHOOA2,synthetic_74,0,0,3
19,19,deepar,20,0.9999999999166668,0.9999999999666668,0.9999999999666668,"(0, 0, 3)",0,204.57241299999998,False,YAHOOA2,synthetic_86,0,0,3
20,20,deepar,21,0.9999999999166668,0.9999999999666668,0.9999999999666668,"(0, 0, 3)",0,256.906584,False,YAHOOA2,synthetic_77,0,0,3
21,21,deepar,22,0.9999999999166668,0.9999999999666668,0.9999999999666668,"(0, 0, 3)",0,207.993512,False,YAHOOA2,synthetic_8,0,0,3
22,22,deepar,23,0.9999999999166668,0.9999999999666668,0.9999999999666668,"(0, 0, 3)",0,207.167619,False,YAHOOA2,synthetic_53,0,0,3
23,23,deepar,24,0.9999999999166668,0.9999999999666668,0.9999999999666668,"(0, 0, 3)",0,206.60598000000002,False,YAHOOA2,synthetic_47,0,0,3
24,24,deepar,25,0.9999999999166668,0.9999999999666668,0.9999999999666668,"(0, 0, 3)",0,275.578573,False,YAHOOA2,synthetic_62,0,0,3
25,25,deepar,26,0.9999999999166668,0.9999999999666668,0.9999999999666668,"(0, 0, 3)",0,287.861099,False,YAHOOA2,synthetic_89,0,0,3
26,26,deepar,27,0.9999999999166668,0.9999999999666668,0.9999999999666668,"(0, 0, 3)",0,204.544413,False,YAHOOA2,synthetic_92,0,0,3
27,27,deepar,28,0.9999999999166668,0.9999999999666668,0.9999999999666668,"(0, 0, 3)",0,308.139527,False,YAHOOA2,synthetic_11,0,0,3
28,28,deepar,29,0.9999999999166668,0.9999999999666668,0.9999999999666668,"(0, 0, 3)",0,207.98721899999998,False,YAHOOA2,synthetic_50,0,0,3
29,29,deepar,30,0.9999999999166668,0.9999999999666668,0.9999999999666668,"(0, 0, 3)",0,233.119869,False,YAHOOA2,synthetic_20,0,0,3
30,30,deepar,31,0.9999999999166668,0.9999999999666668,0.9999999999666668,"(0, 0, 3)",0,247.34880499999997,False,YAHOOA2,synthetic_71,0,0,3
31,31,deepar,32,0.9999999999166668,0.9999999999666668,0.9999999999666668,"(0, 0, 3)",0,250.158385,False,YAHOOA2,synthetic_65,0,0,3
32,32,deepar,33,0.9999999999166668,0.9999999999666668,0.9999999999666668,"(0, 0, 3)",0,207.160337,False,YAHOOA2,synthetic_44,0,0,3
33,33,deepar,34,0.9999999999,0.99999999995,0.99999999995,"(0, 0, 2)",0,243.080144,False,YAHOOA2,synthetic_10,0,0,2
34,34,deepar,35,0.9999999999,0.99999999995,0.99999999995,"(0, 0, 2)",0,253.20697400000003,False,YAHOOA2,synthetic_34,0,0,2
35,35,deepar,36,0.9999999999,0.99999999995,0.99999999995,"(0, 0, 2)",0,233.139224,False,YAHOOA2,synthetic_7,0,0,2
36,36,deepar,37,0.9999999999,0.99999999995,0.99999999995,"(0, 0, 2)",0,324.654882,False,YAHOOA2,synthetic_4,0,0,2
37,37,deepar,38,0.9999999999,0.99999999995,0.99999999995,"(0, 0, 2)",0,210.55527999999998,False,YAHOOA2,synthetic_85,0,0,2
38,38,deepar,39,0.9999999999,0.99999999995,0.99999999995,"(0, 0, 2)",0,251.73480299999997,False,YAHOOA2,synthetic_13,0,0,2
39,39,deepar,40,0.9999999999,0.99999999995,0.99999999995,"(0, 0, 2)",0,261.44791200000003,False,YAHOOA2,synthetic_16,0,0,2
40,40,deepar,41,0.9999999999,0.99999999995,0.99999999995,"(0, 0, 2)",0,209.19451999999998,False,YAHOOA2,synthetic_28,0,0,2
41,41,deepar,42,0.9999999999,0.99999999995,0.99999999995,"(0, 0, 2)",0,285.08903599999996,False,YAHOOA2,synthetic_67,0,0,2
42,42,deepar,43,0.9999999999,0.99999999995,0.99999999995,"(0, 0, 2)",0,276.714629,False,YAHOOA2,synthetic_73,0,0,2
43,43,deepar,44,0.9999999999,0.99999999995,0.99999999995,"(0, 0, 2)",0,300.015218,False,YAHOOA2,synthetic_70,0,0,2
44,44,deepar,45,0.9999999999,0.99999999995,0.99999999995,"(0, 0, 2)",0,233.866348,False,YAHOOA2,synthetic_58,0,0,2
45,45,deepar,46,0.9999999999,0.99999999995,0.99999999995,"(0, 0, 2)",0,207.530296,False,YAHOOA2,synthetic_49,0,0,2
46,46,deepar,47,0.9999999999,0.99999999995,0.99999999995,"(0, 0, 2)",0,209.98391400000003,False,YAHOOA2,synthetic_61,0,0,2
47,47,deepar,48,0.9999999999,0.99999999995,0.99999999995,"(0, 0, 2)",0,279.578111,False,YAHOOA2,synthetic_76,0,0,2
48,48,deepar,49,0.9999999999,0.99999999995,0.99999999995,"(0, 0, 2)",0,204.94606399999998,False,YAHOOA2,synthetic_91,0,0,2
49,49,deepar,50,0.9999999999,0.99999999995,0.99999999995,"(0, 0, 2)",0,947.66176,False,YAHOOA2,synthetic_88,0,0,2
50,50,deepar,51,0.9999999999,0.99999999995,0.99999999995,"(0, 0, 2)",0,208.271669,False,YAHOOA2,synthetic_37,0,0,2
51,51,deepar,52,0.9999999999,0.99999999995,0.99999999995,"(0, 0, 2)",0,208.138044,False,YAHOOA2,synthetic_31,0,0,2
52,52,deepar,53,0.9999999999,0.99999999995,0.99999999995,"(0, 0, 2)",0,205.931097,False,YAHOOA2,synthetic_100,0,0,2
53,53,deepar,54,0.9999999999,0.99999999995,0.99999999995,"(0, 0, 2)",0,205.103148,False,YAHOOA2,synthetic_97,0,0,2
54,54,deepar,55,0.9999999999,0.99999999995,0.99999999995,"(0, 0, 2)",0,206.54209699999998,False,YAHOOA2,synthetic_40,0,0,2
55,55,deepar,56,0.9999999999,0.99999999995,0.99999999995,"(0, 0, 2)",0,212.850538,False,YAHOOA2,synthetic_55,0,0,2
56,56,deepar,57,0.9999999999,0.99999999995,0.99999999995,"(0, 0, 2)",0,234.34029500000003,False,YAHOOA2,synthetic_82,0,0,2
57,57,deepar,58,0.9999999999,0.99999999995,0.99999999995,"(0, 0, 2)",0,252.66357799999997,False,YAHOOA2,synthetic_94,0,0,2
58,58,deepar,59,0.9999999999,0.99999999995,0.99999999995,"(0, 0, 2)",0,205.91433500000002,False,YAHOOA2,synthetic_79,0,0,2
59,59,deepar,60,0.9999999999,0.99999999995,0.99999999995,"(0, 0, 2)",0,206.398217,False,YAHOOA2,synthetic_52,0,0,2
60,60,deepar,61,0.9999999999,0.99999999995,0.99999999995,"(0, 0, 2)",0,208.425244,False,YAHOOA2,synthetic_25,0,0,2
61,61,deepar,62,0.9999999999,0.99999999995,0.99999999995,"(0, 0, 2)",0,253.99687799999998,False,YAHOOA2,synthetic_43,0,0,2
62,62,deepar,63,0.9999999999,0.99999999995,0.99999999995,"(0, 0, 2)",0,204.465905,False,YAHOOA2,synthetic_46,0,0,2
63,63,deepar,64,0.9999999999,0.99999999995,0.99999999995,"(0, 0, 2)",0,204.186677,False,YAHOOA2,synthetic_19,0,0,2
64,64,deepar,65,0.99999999985,0.9999999999,0.9999999999,"(0, 0, 1)",0,343.13327599999997,False,YAHOOA2,synthetic_6,0,0,1
65,65,deepar,66,0.99999999985,0.9999999999,0.9999999999,"(0, 0, 1)",0,228.62437599999998,False,YAHOOA2,synthetic_9,0,0,1
66,66,deepar,67,0.99999999985,0.9999999999,0.9999999999,"(0, 0, 1)",0,208.323825,False,YAHOOA2,synthetic_87,0,0,1
67,67,deepar,68,0.99999999985,0.9999999999,0.9999999999,"(0, 0, 1)",0,206.89056000000002,False,YAHOOA2,synthetic_93,0,0,1
68,68,deepar,69,0.99999999985,0.9999999999,0.9999999999,"(0, 0, 1)",0,204.85758,False,YAHOOA2,synthetic_45,0,0,1
69,69,deepar,70,0.99999999985,0.9999999999,0.9999999999,"(0, 0, 1)",0,297.821754,False,YAHOOA2,synthetic_63,0,0,1
70,70,deepar,71,0.99999999985,0.9999999999,0.9999999999,"(0, 0, 1)",0,212.94807200000002,False,YAHOOA2,synthetic_60,0,0,1
71,71,deepar,72,0.99999999985,0.9999999999,0.9999999999,"(0, 0, 1)",0,274.80402799999996,False,YAHOOA2,synthetic_66,0,0,1
72,72,deepar,73,0.99999999985,0.9999999999,0.9999999999,"(0, 0, 1)",0,288.018279,False,YAHOOA2,synthetic_72,0,0,1
73,73,deepar,74,0.99999999985,0.9999999999,0.9999999999,"(0, 0, 1)",0,205.079567,False,YAHOOA2,synthetic_51,0,0,1
74,74,deepar,75,0.99999999985,0.9999999999,0.9999999999,"(0, 0, 1)",0,210.968904,False,YAHOOA2,synthetic_27,0,0,1
75,75,deepar,76,0.99999999985,0.9999999999,0.9999999999,"(0, 0, 1)",0,272.211353,False,YAHOOA2,synthetic_48,0,0,1
76,76,deepar,77,0.99999999985,0.9999999999,0.9999999999,"(0, 0, 1)",0,286.743179,False,YAHOOA2,synthetic_39,0,0,1
77,77,deepar,78,0.99999999985,0.9999999999,0.9999999999,"(0, 0, 1)",0,201.296694,False,YAHOOA2,synthetic_69,0,0,1
78,78,deepar,79,0.99999999985,0.9999999999,0.9999999999,"(0, 0, 1)",0,226.54804500000003,False,YAHOOA2,synthetic_21,0,0,1
79,79,deepar,80,0.99999999985,0.9999999999,0.9999999999,"(0, 0, 1)",0,219.84635899999998,False,YAHOOA2,synthetic_15,0,0,1
80,80,deepar,81,0.99999999985,0.9999999999,0.9999999999,"(0, 0, 1)",0,208.77092199999998,False,YAHOOA2,synthetic_84,0,0,1
81,81,deepar,82,0.99999999985,0.9999999999,0.9999999999,"(0, 0, 1)",0,211.594627,False,YAHOOA2,synthetic_30,0,0,1
82,82,deepar,83,0.99999999985,0.9999999999,0.9999999999,"(0, 0, 1)",0,206.45799399999999,False,YAHOOA2,synthetic_18,0,0,1
83,83,deepar,84,0.99999999985,0.9999999999,0.9999999999,"(0, 0, 1)",0,205.83739,False,YAHOOA2,synthetic_90,0,0,1
84,84,deepar,85,0.99999999985,0.9999999999,0.9999999999,"(0, 0, 1)",0,211.59147599999997,False,YAHOOA2,synthetic_42,0,0,1
85,85,deepar,86,0.99999999985,0.9999999999,0.9999999999,"(0, 0, 1)",0,262.11416,False,YAHOOA2,synthetic_12,0,0,1
86,86,deepar,87,0.99999999985,0.9999999999,0.9999999999,"(0, 0, 1)",0,205.021181,False,YAHOOA2,synthetic_81,0,0,1
87,87,deepar,88,0.99999999985,0.9999999999,0.9999999999,"(0, 0, 1)",0,205.299892,False,YAHOOA2,synthetic_75,0,0,1
88,88,deepar,89,0.79999999992,0.99999999995,0.6666666666444444,"(1, 0, 2)",0,208.964796,False,YAHOOA2,synthetic_22,1,0,2
89,89,deepar,90,0.79999999992,0.99999999995,0.6666666666444444,"(1, 0, 2)",0,281.809891,False,YAHOOA2,synthetic_64,1,0,2
90,90,deepar,91,0.79999999992,0.99999999995,0.6666666666444444,"(1, 0, 2)",0,252.446062,False,YAHOOA2,synthetic_1,1,0,2
91,91,deepar,92,0.6666666665777777,0.9999999999,0.499999999975,"(1, 0, 1)",0,208.646926,False,YAHOOA2,synthetic_78,1,0,1
92,92,deepar,93,0.6666666665777777,0.9999999999,0.499999999975,"(1, 0, 1)",0,289.955685,False,YAHOOA2,synthetic_99,1,0,1
93,93,deepar,94,0.6666666665777777,0.9999999999,0.499999999975,"(1, 0, 1)",0,220.098582,False,YAHOOA2,synthetic_24,1,0,1
94,94,deepar,95,0.6666666665777777,0.9999999999,0.499999999975,"(1, 0, 1)",0,207.669952,False,YAHOOA2,synthetic_33,1,0,1
95,95,deepar,96,0.6666666665777777,0.9999999999,0.499999999975,"(1, 0, 1)",0,212.084307,False,YAHOOA2,synthetic_3,1,0,1
96,96,deepar,97,0.0,0.0,0.0,"(0, 1, 0)",0,205.789331,False,YAHOOA2,synthetic_54,0,1,0
97,97,deepar,98,0.0,0.0,0.0,"(2, 1, 0)",0,208.845947,False,YAHOOA2,synthetic_36,2,1,0
98,98,deepar,99,0.0,0.0,0.0,"(0, 1, 0)",0,250.745099,False,YAHOOA2,synthetic_96,0,1,0
99,99,deepar,100,0.0,0.0,0.0,"(0, 1, 0)",0,255.027904,False,YAHOOA2,synthetic_57,0,1,0
0,0,deepar,1,0.9999999999416668,0.9999999999916668,0.9999999999916668,"(0, 0, 12)",0,301.336744,False,YAHOOA3,A3Benchmark-TS62,0,0,12
1,1,deepar,2,0.99999999994,0.99999999999,0.99999999999,"(0, 0, 10)",0,272.105789,False,YAHOOA3,A3Benchmark-TS19,0,0,10
2,2,deepar,3,0.99999999994,0.99999999999,0.99999999999,"(0, 0, 10)",0,271.223044,False,YAHOOA3,A3Benchmark-TS97,0,0,10
3,3,deepar,4,0.99999999994,0.99999999999,0.99999999999,"(0, 0, 10)",0,282.58115899999996,False,YAHOOA3,A3Benchmark-TS9,0,0,10
4,4,deepar,5,0.9999999999388888,0.9999999999888888,0.9999999999888888,"(0, 0, 9)",0,236.431474,False,YAHOOA3,A3Benchmark-TS13,0,0,9
5,5,deepar,6,0.9999999999375001,0.9999999999875,0.9999999999875,"(0, 0, 8)",0,246.32967299999999,False,YAHOOA3,A3Benchmark-TS64,0,0,8
6,6,deepar,7,0.9999999999375001,0.9999999999875,0.9999999999875,"(0, 0, 8)",0,215.16830699999997,False,YAHOOA3,A3Benchmark-TS85,0,0,8
7,7,deepar,8,0.9999999999357144,0.9999999999857144,0.9999999999857144,"(0, 0, 7)",0,216.560386,False,YAHOOA3,A3Benchmark-TS11,0,0,7
8,8,deepar,9,0.9999999999357144,0.9999999999857144,0.9999999999857144,"(0, 0, 7)",0,280.629743,False,YAHOOA3,A3Benchmark-TS87,0,0,7
9,9,deepar,10,0.9999999999333332,0.9999999999833332,0.9999999999833332,"(0, 0, 6)",0,221.116564,False,YAHOOA3,A3Benchmark-TS52,0,0,6
10,10,deepar,11,0.9999999999299999,0.99999999998,0.99999999998,"(0, 0, 5)",0,265.080629,False,YAHOOA3,A3Benchmark-TS7,0,0,5
11,11,deepar,12,0.9999999999299999,0.99999999998,0.99999999998,"(0, 0, 5)",0,236.88001200000002,False,YAHOOA3,A3Benchmark-TS79,0,0,5
12,12,deepar,13,0.9696969696411388,0.99999999999375,0.941176470582699,"(1, 0, 16)",0,281.91321899999997,False,YAHOOA3,A3Benchmark-TS2,1,0,16
13,13,deepar,14,0.9677419354276796,0.9999999999933332,0.9374999999941408,"(1, 0, 15)",0,258.865227,False,YAHOOA3,A3Benchmark-TS14,1,0,15
14,14,deepar,15,0.9629629629058984,0.9999999999923076,0.928571428564796,"(1, 0, 13)",0,222.85586400000003,False,YAHOOA3,A3Benchmark-TS51,1,0,13
15,15,deepar,16,0.9629629629058984,0.9999999999923076,0.928571428564796,"(1, 0, 13)",0,284.59846600000003,False,YAHOOA3,A3Benchmark-TS86,1,0,13
16,16,deepar,17,0.9599999999424,0.9999999999916668,0.9230769230698224,"(1, 0, 12)",0,225.121339,False,YAHOOA3,A3Benchmark-TS21,1,0,12
17,17,deepar,18,0.9565217390722116,0.9166666666590276,0.999999999990909,"(0, 1, 11)",0,269.953404,False,YAHOOA3,A3Benchmark-TS83,0,1,11
18,18,deepar,19,0.9565217390722116,0.999999999990909,0.9166666666590276,"(1, 0, 11)",0,250.454877,False,YAHOOA3,A3Benchmark-TS99,1,0,11
19,19,deepar,20,0.9523809523219956,0.99999999999,0.9090909090826448,"(1, 0, 10)",0,236.41106299999998,False,YAHOOA3,A3Benchmark-TS100,1,0,10
20,20,deepar,21,0.9523809523219956,0.99999999999,0.9090909090826448,"(1, 0, 10)",0,316.87012400000003,False,YAHOOA3,A3Benchmark-TS63,1,0,10
21,21,deepar,22,0.9473684209927978,0.9999999999888888,0.899999999991,"(1, 0, 9)",0,246.260013,False,YAHOOA3,A3Benchmark-TS10,1,0,9
22,22,deepar,23,0.9473684209927978,0.9999999999888888,0.899999999991,"(1, 0, 9)",0,283.136299,False,YAHOOA3,A3Benchmark-TS40,1,0,9
23,23,deepar,24,0.9411764705273356,0.9999999999875,0.8888888888790123,"(1, 0, 8)",0,277.73093900000003,False,YAHOOA3,A3Benchmark-TS24,1,0,8
24,24,deepar,25,0.9411764705273356,0.9999999999875,0.8888888888790123,"(1, 0, 8)",0,275.695951,False,YAHOOA3,A3Benchmark-TS30,1,0,8
25,25,deepar,26,0.9333333332711112,0.9999999999857144,0.8749999999890625,"(1, 0, 7)",0,276.664736,False,YAHOOA3,A3Benchmark-TS31,1,0,7
26,26,deepar,27,0.9333333332711112,0.9999999999857144,0.8749999999890625,"(1, 0, 7)",0,259.390901,False,YAHOOA3,A3Benchmark-TS65,1,0,7
27,27,deepar,28,0.9230769230130176,0.9999999999833332,0.8571428571306122,"(1, 0, 6)",0,251.34896899999998,False,YAHOOA3,A3Benchmark-TS4,1,0,6
28,28,deepar,29,0.9230769230130176,0.9999999999833332,0.8571428571306122,"(1, 0, 6)",0,244.09905099999997,False,YAHOOA3,A3Benchmark-TS6,1,0,6
29,29,deepar,30,0.9230769230130176,0.9999999999833332,0.8571428571306122,"(1, 0, 6)",0,315.38229,False,YAHOOA3,A3Benchmark-TS3,1,0,6
30,30,deepar,31,0.9230769230130176,0.9999999999833332,0.8571428571306122,"(1, 0, 6)",0,299.908297,False,YAHOOA3,A3Benchmark-TS74,1,0,6
31,31,deepar,32,0.9230769230130176,0.9999999999833332,0.8571428571306122,"(1, 0, 6)",0,255.18285099999997,False,YAHOOA3,A3Benchmark-TS15,1,0,6
32,32,deepar,33,0.909090909033058,0.8333333333263889,0.99999999999,"(0, 2, 10)",0,242.358253,False,YAHOOA3,A3Benchmark-TS81,0,2,10
33,33,deepar,34,0.9090909090247934,0.99999999998,0.8333333333194445,"(1, 0, 5)",0,240.098719,False,YAHOOA3,A3Benchmark-TS91,1,0,5
34,34,deepar,35,0.9090909090247934,0.99999999998,0.8333333333194445,"(1, 0, 5)",0,297.932235,False,YAHOOA3,A3Benchmark-TS76,1,0,5
35,35,deepar,36,0.9090909090247934,0.99999999998,0.8333333333194445,"(1, 0, 5)",0,217.12114100000002,False,YAHOOA3,A3Benchmark-TS96,1,0,5
36,36,deepar,37,0.899999999941,0.899999999991,0.899999999991,"(1, 1, 9)",0,216.933108,False,YAHOOA3,A3Benchmark-TS37,1,1,9
37,37,deepar,38,0.8888888888197529,0.999999999975,0.7999999999840001,"(1, 0, 4)",0,242.516834,False,YAHOOA3,A3Benchmark-TS29,1,0,4
38,38,deepar,39,0.8888888888197529,0.999999999975,0.7999999999840001,"(1, 0, 4)",0,245.67890899999998,False,YAHOOA3,A3Benchmark-TS8,1,0,4
39,39,deepar,40,0.8888888888197529,0.999999999975,0.7999999999840001,"(1, 0, 4)",0,228.25384300000002,False,YAHOOA3,A3Benchmark-TS22,1,0,4
40,40,deepar,41,0.8888888888197529,0.999999999975,0.7999999999840001,"(1, 0, 4)",0,231.42329700000002,False,YAHOOA3,A3Benchmark-TS36,1,0,4
41,41,deepar,42,0.8571428570806122,0.8571428571306122,0.8571428571306122,"(1, 1, 6)",0,263.249886,False,YAHOOA3,A3Benchmark-TS69,1,1,6
42,42,deepar,43,0.8571428570693876,0.9999999999666668,0.74999999998125,"(1, 0, 3)",0,240.79799599999998,False,YAHOOA3,A3Benchmark-TS38,1,0,3
43,43,deepar,44,0.8571428570693876,0.9999999999666668,0.74999999998125,"(1, 0, 3)",0,251.226454,False,YAHOOA3,A3Benchmark-TS58,1,0,3
44,44,deepar,45,0.8571428570693876,0.9999999999666668,0.74999999998125,"(1, 0, 3)",0,232.633092,False,YAHOOA3,A3Benchmark-TS94,1,0,3
45,45,deepar,46,0.8571428570693876,0.9999999999666668,0.74999999998125,"(1, 0, 3)",0,229.467883,False,YAHOOA3,A3Benchmark-TS35,1,0,3
46,46,deepar,47,0.8333333332708335,0.99999999998,0.7142857142755102,"(2, 0, 5)",0,238.33059900000003,False,YAHOOA3,A3Benchmark-TS84,2,0,5
47,47,deepar,48,0.8181818181247935,0.74999999999375,0.899999999991,"(1, 3, 9)",0,213.104421,False,YAHOOA3,A3Benchmark-TS20,1,3,9
48,48,deepar,49,0.79999999992,0.99999999995,0.6666666666444444,"(1, 0, 2)",0,250.48735699999997,False,YAHOOA3,A3Benchmark-TS25,1,0,2
49,49,deepar,50,0.79999999992,0.99999999995,0.6666666666444444,"(1, 0, 2)",0,243.82096800000002,False,YAHOOA3,A3Benchmark-TS5,1,0,2
50,50,deepar,51,0.7692307691692308,0.7142857142755102,0.8333333333194445,"(1, 2, 5)",0,227.785442,False,YAHOOA3,A3Benchmark-TS82,1,2,5
51,51,deepar,52,0.7619047618503402,0.6153846153798816,0.9999999999875,"(0, 5, 8)",0,300.482954,False,YAHOOA3,A3Benchmark-TS89,0,5,8
52,52,deepar,53,0.7619047618503402,0.6153846153798816,0.9999999999875,"(0, 5, 8)",0,230.88881099999998,False,YAHOOA3,A3Benchmark-TS80,0,5,8
53,53,deepar,54,0.7407407406869686,0.6249999999960938,0.9090909090826448,"(1, 6, 10)",0,272.00448,False,YAHOOA3,A3Benchmark-TS68,1,6,10
54,54,deepar,55,0.7272727272099173,0.7999999999840001,0.6666666666555555,"(2, 1, 4)",0,216.63464700000003,False,YAHOOA3,A3Benchmark-TS45,2,1,4
55,55,deepar,56,0.7142857142295919,0.5555555555493827,0.99999999998,"(0, 4, 5)",0,246.37448799999999,False,YAHOOA3,A3Benchmark-TS70,0,4,5
56,56,deepar,57,0.7142857142295919,0.5555555555493827,0.99999999998,"(0, 4, 5)",0,258.49467400000003,False,YAHOOA3,A3Benchmark-TS16,0,4,5
57,57,deepar,58,0.6666666666158729,0.4999999999964286,0.9999999999857144,"(0, 7, 7)",0,276.897877,False,YAHOOA3,A3Benchmark-TS41,0,7,7
58,58,deepar,59,0.6666666666097778,0.5555555555493827,0.8333333333194445,"(1, 4, 5)",0,243.43413700000002,False,YAHOOA3,A3Benchmark-TS57,1,4,5
59,59,deepar,60,0.6666666665777777,0.9999999999,0.499999999975,"(1, 0, 1)",0,274.491463,False,YAHOOA3,A3Benchmark-TS17,1,0,1
60,60,deepar,61,0.6666666665777777,0.9999999999,0.499999999975,"(1, 0, 1)",0,239.733611,False,YAHOOA3,A3Benchmark-TS66,1,0,1
61,61,deepar,62,0.6315789473152356,0.4999999999958333,0.8571428571306122,"(1, 6, 6)",0,328.026159,False,YAHOOA3,A3Benchmark-TS88,1,6,6
62,62,deepar,63,0.599999999946,0.4285714285653061,0.9999999999666668,"(0, 4, 3)",0,220.71673199999998,False,YAHOOA3,A3Benchmark-TS50,0,4,3
63,63,deepar,64,0.5454545454049586,0.3749999999953125,0.9999999999666668,"(0, 5, 3)",0,253.414977,False,YAHOOA3,A3Benchmark-TS72,0,5,3
64,64,deepar,65,0.5217391303879019,0.3749999999976563,0.8571428571306122,"(1, 10, 6)",0,273.590827,False,YAHOOA3,A3Benchmark-TS42,1,10,6
65,65,deepar,66,0.49999999995750005,0.3333333333311111,0.99999999998,"(0, 10, 5)",0,257.47044500000004,False,YAHOOA3,A3Benchmark-TS78,0,10,5
66,66,deepar,67,0.49999999995624994,0.33333333333055554,0.999999999975,"(0, 8, 4)",0,274.544591,False,YAHOOA3,A3Benchmark-TS18,0,8,4
67,67,deepar,68,0.4999999999375,0.9999999999,0.3333333333222222,"(2, 0, 1)",0,241.87163199999998,False,YAHOOA3,A3Benchmark-TS56,2,0,1
68,68,deepar,69,0.4999999999375,0.9999999999,0.3333333333222222,"(2, 0, 1)",0,215.209245,False,YAHOOA3,A3Benchmark-TS34,2,0,1
69,69,deepar,70,0.4761904761496599,0.3124999999980469,0.99999999998,"(0, 11, 5)",0,228.53267400000001,False,YAHOOA3,A3Benchmark-TS44,0,11,5
70,70,deepar,71,0.4761904761451247,0.3333333333311111,0.8333333333194445,"(1, 10, 5)",0,282.697513,False,YAHOOA3,A3Benchmark-TS54,1,10,5
71,71,deepar,72,0.4285714285316327,0.2727272727247934,0.9999999999666668,"(0, 8, 3)",0,289.29931600000003,False,YAHOOA3,A3Benchmark-TS1,0,8,3
72,72,deepar,73,0.399999999964,0.24999999999843756,0.999999999975,"(0, 12, 4)",0,240.94479700000002,False,YAHOOA3,A3Benchmark-TS49,0,12,4
73,73,deepar,74,0.39999999996,0.249999999996875,0.99999999995,"(0, 6, 2)",0,274.5051,False,YAHOOA3,A3Benchmark-TS92,0,6,2
74,74,deepar,75,0.3749999999648437,0.2307692307674556,0.9999999999666668,"(0, 10, 3)",0,327.934866,False,YAHOOA3,A3Benchmark-TS48,0,10,3
75,75,deepar,76,0.33333333329027776,0.22222222221975307,0.6666666666444444,"(1, 7, 2)",0,278.43471600000004,False,YAHOOA3,A3Benchmark-TS27,1,7,2
76,76,deepar,77,0.31578947364764537,0.19999999999866666,0.74999999998125,"(1, 12, 3)",0,284.27780099999995,False,YAHOOA3,A3Benchmark-TS93,1,12,3
77,77,deepar,78,0.30769230766153843,0.18181818181652887,0.99999999995,"(0, 9, 2)",0,280.232249,False,YAHOOA3,A3Benchmark-TS26,0,9,2
78,78,deepar,79,0.29999999996500004,0.18749999999882816,0.74999999998125,"(1, 13, 3)",0,253.561802,False,YAHOOA3,A3Benchmark-TS77,1,13,3
79,79,deepar,80,0.249999999975,0.14285714285612244,0.99999999995,"(0, 12, 2)",0,280.538389,False,YAHOOA3,A3Benchmark-TS75,0,12,2
80,80,deepar,81,0.2352941176235294,0.13333333333244446,0.99999999995,"(0, 13, 2)",0,215.932498,False,YAHOOA3,A3Benchmark-TS53,0,13,2
81,81,deepar,82,0.22222222219999999,0.12499999999921875,0.99999999995,"(0, 14, 2)",0,295.522352,False,YAHOOA3,A3Benchmark-TS71,0,14,2
82,82,deepar,83,0.22222222219753088,0.1249999999984375,0.9999999999,"(0, 7, 1)",0,249.91354900000002,False,YAHOOA3,A3Benchmark-TS33,0,7,1
83,83,deepar,84,0.1818181817983471,0.099999999999,0.9999999999,"(0, 9, 1)",0,220.70857599999997,False,YAHOOA3,A3Benchmark-TS90,0,9,1
84,84,deepar,85,0.15384615382958575,0.08333333333263887,0.9999999999,"(0, 11, 1)",0,313.407902,False,YAHOOA3,A3Benchmark-TS55,0,11,1
85,85,deepar,86,0.14285714284183676,0.0769230769224852,0.9999999999,"(0, 12, 1)",0,218.22670499999998,False,YAHOOA3,A3Benchmark-TS12,0,12,1
86,86,deepar,87,0.14285714284183676,0.0769230769224852,0.9999999999,"(0, 12, 1)",0,246.01256099999998,False,YAHOOA3,A3Benchmark-TS98,0,12,1
87,87,deepar,88,0.13333333331911112,0.07142857142806122,0.9999999999,"(0, 13, 1)",0,264.981625,False,YAHOOA3,A3Benchmark-TS32,0,13,1
88,88,deepar,89,0.12499999998671875,0.06666666666622223,0.9999999999,"(0, 14, 1)",0,211.226565,False,YAHOOA3,A3Benchmark-TS23,0,14,1
89,89,deepar,90,0.0,0.0,0.0,"(0, 15, 0)",0,240.28171,False,YAHOOA3,A3Benchmark-TS43,0,15,0
90,90,deepar,91,0.0,0.0,0.0,"(1, 16, 0)",0,235.01826699999998,False,YAHOOA3,A3Benchmark-TS95,1,16,0
91,91,deepar,92,0.0,0.0,0.0,"(1, 3, 0)",0,239.111995,False,YAHOOA3,A3Benchmark-TS46,1,3,0
92,92,deepar,93,0.0,0.0,0.0,"(1, 15, 0)",0,221.46528199999997,False,YAHOOA3,A3Benchmark-TS47,1,15,0
93,93,deepar,94,0.0,0.0,0.0,"(0, 13, 0)",0,254.19820299999998,False,YAHOOA3,A3Benchmark-TS61,0,13,0
94,94,deepar,95,0.0,0.0,0.0,"(1, 12, 0)",0,322.528288,False,YAHOOA3,A3Benchmark-TS60,1,12,0
95,95,deepar,96,0.0,0.0,0.0,"(1, 15, 0)",0,257.83404900000005,False,YAHOOA3,A3Benchmark-TS73,1,15,0
96,96,deepar,97,0.0,0.0,0.0,"(0, 16, 0)",0,244.3802,False,YAHOOA3,A3Benchmark-TS67,0,16,0
97,97,deepar,98,0.0,0.0,0.0,"(0, 11, 0)",0,278.628147,False,YAHOOA3,A3Benchmark-TS59,0,11,0
98,98,deepar,99,0.0,0.0,0.0,"(1, 2, 0)",0,252.996495,False,YAHOOA3,A3Benchmark-TS28,1,2,0
99,99,deepar,100,0.0,0.0,0.0,"(1, 12, 0)",0,215.543173,False,YAHOOA3,A3Benchmark-TS39,1,12,0
