timestamp,value
1,0.2080522189094864
2,0.15184487060307938
3,-0.13320264912763893
4,0.032156518860561444
5,-0.04718029169217751
6,-0.11740993181443383
7,0.06389714988951256
8,0.2956772393083043
9,0.10535332923103566
10,0.2964221336819012
11,-0.05511498953866185
12,0.4264345826601995
13,-0.23910410022912837
14,0.055605646380698155
15,-0.06660770612702932
16,-0.27534858968851567
17,0.0014483527525978243
18,0.4110849459000244
19,-0.06121438610293734
20,-0.39210513759413956
21,0.15408027471098254
22,0.1348566477054036
23,0.0015169575569136534
24,0.10592648195346555
25,-0.11847369993800842
26,0.4483059636334976
27,0.2068341772985483
28,0.010149933494303699
29,-0.06444577432948259
30,0.42078784242917294
31,-0.06386253081743296
32,-0.25314620432549817
33,-0.2481208356582229
34,-0.10759695243290356
35,-0.12067937650667065
36,-0.5632554904367981
37,-0.1529951660913987
38,-0.16550501763603911
39,0.4117736847034829
40,-0.12016586454621786
41,-0.047564031872956915
42,0.07425045170031805
43,0.0498692388819052
44,-0.025300220651379435
45,-0.08384740617483082
46,0.08796099349124095
47,0.05409128192084843
48,0.18362956178150242
49,-0.039174235264006096
50,0.1815801594658205
51,-0.2591340157989786
52,0.2615472662962909
53,0.015512686490622641
54,0.14908761835837103
55,-0.12369740447600898
56,-0.28443918663448053
57,-0.32556553453134635
58,-0.048793589955252736
59,-0.18246211879540838
60,0.12224482438075157
61,-0.40786104797544565
62,0.2415870993631358
63,0.08268272528811874
64,0.11751082477656691
65,0.22760663935868386
66,-0.040911597182362175
67,-0.36742738714025114
68,0.18137375975913647
69,-0.09842254942965256
70,-0.043625788833823974
71,-0.09200793913016284
72,-0.11146364934623622
73,0.1065487390510697
74,-0.234703104831962
75,-0.23219396191428227
76,-0.19752335022139045
77,0.15120200725136343
78,0.04571019661992336
79,-0.010635733292238325
80,0.07727548780915243
81,0.40309392474324296
82,0.033828738108794984
83,-0.0020489707451978173
84,0.05779733740970085
85,-0.065233204513923
86,0.15624153464275028
87,-0.2806538760663444
88,-0.07341071274445954
89,-0.3017438555074284
90,-0.08388410161348486
91,-0.35993566885229294
92,-0.03440805837013499
93,0.015243872099447123
94,0.015234834160858478
95,0.19597674077168215
96,-0.024922038919445416
97,-0.06774961516962447
98,0.41599062637922013
99,-0.6663619550759947
100,-0.09903080321746359
101,0.052780731981088916
102,0.12129292053615195
103,0.18318083396772236
104,0.16033834856208165
105,-0.27122262798102004
106,-0.057116837953487286
107,0.357921209989925
108,0.19648716995023188
109,-0.31776043432630646
110,-0.09498898853206421
111,0.24963632750190648
112,-0.2197664943557728
113,-0.41385621792072685
114,-0.3251916273927955
115,-0.29264319369072017
116,-0.047961492448517884
117,-0.1338603934107529
118,0.04682684676876753
119,-0.3971998679865468
120,0.03726769273762098
121,0.12198502904567296
122,-0.18635167060360727
123,0.30783477948176896
124,0.14659436183260935
125,-0.5357565017824566
126,0.37559130048042016
127,0.11392161036062726
128,0.041928493452934354
129,0.14881430158887926
130,0.24805541032053982
131,-0.27574514036391695
132,0.12447012022847223
133,-0.04884628799103108
134,-0.46709494511848293
135,0.18746498339536635
136,0.2001972644431842
137,-0.15138968261248623
138,0.0703323985479694
139,0.26701655581588013
140,0.032182112100364924
141,0.6313119940611845
142,-0.027746911655948732
143,0.011497332997873859
144,0.17720625822068703
145,0.04059357500923488
146,0.28489205753128666
147,-0.07690229504811363
148,0.09978069336177013
149,0.022383941972917223
150,-0.1881169920039107
151,-0.29933468788221596
152,-0.12409979670108146
153,-0.4009388421220459
154,-0.10377961914614978
155,-0.0016087910824170437
156,0.0993322470655382
157,-0.04585663967258226
158,0.4812981732844151
159,-0.020774385118992836
160,0.17397473167549501
161,-0.24676633290075312
162,0.0952382088073824
163,-0.08920334922417927
164,-0.029822777935937336
165,-0.07274661594923486
166,0.22411868344002442
167,-0.13415918782499553
168,-0.07890052967619174
169,0.2202031467420898
170,-0.3180747145980533
171,-0.13732817653492668
172,0.11187770676494169
173,-0.19920601487563974
174,-0.03630329352292807
175,-0.012215120548509165
176,-0.18665330277109882
177,-0.09292579748760685
178,0.2900056556122218
179,0.46159454289771745
180,0.14016406763344783
181,0.15135167105108446
182,0.04351052473827158
183,0.2810076774596976
184,-0.18594986985844267
185,0.4389237982340025
186,-0.028979085793663564
187,-0.06388429145934829
188,0.3594412517335428
189,-0.3288792230365481
190,0.26513716029082257
191,0.13597299552968053
192,0.036853099319491316
193,-0.26363378977012114
194,-0.09592277557929889
195,-0.0655460562037708
196,0.2623233462421478
197,-0.44582966226458237
198,-0.16178178780621963
199,0.19073228335757048
200,-0.00757303880042701
201,0.14383357426407462
202,0.23567917945084074
203,-0.1584274100593139
204,0.3284953865026584
205,0.28278369926561747
206,0.27201917674328463
207,-0.11628484840967614
208,0.1937801591668322
209,-0.4177151023750772
210,-0.20151863575118595
211,-0.13342595706034643
212,-0.21153544864199392
213,-0.10713484214051286
214,0.5185588236410843
215,-0.057107287206625126
216,0.48144480252906807
217,-0.16339318618690435
218,0.1611656036804013
219,0.26863633761638156
220,0.03883836729004657
221,0.44253931427950643
222,0.1219413293692081
223,-0.3254571942166957
224,-0.2693426571118249
225,-0.17790121521220192
226,-0.2884154388393583
227,-0.24920643556780675
228,-0.10041208810224164
229,0.0765161175846735
230,-0.13589291891294142
231,-0.021262155578189938
232,0.1198719484916081
233,-0.13978087632202862
234,0.015620488722177125
235,-0.2310449293083826
236,-0.09527308537153818
237,0.1867157043619566
238,0.04421311230864591
239,0.08381248764263988
240,-0.12901347323512635
241,-0.31669874428691813
242,-0.003991763350267717
243,-0.21437014423266137
244,-0.06366481449064339
245,0.07135306332387276
246,0.009678463267560746
247,0.23518842631510942
248,-0.4625525043403745
249,-0.07006593606060268
250,-0.01180249304433494
251,-0.1666487852362085
252,-0.005788389432997296
253,-0.23055376079075507
254,-0.19446757418830593
255,-0.036489820867995945
256,-0.08124499745337715
257,-0.16386506529752326
258,0.04234967476705104
259,0.30082706513262586
260,0.0147125903272977
261,-0.1278576418384027
262,0.06375514984523922
263,0.06849952497031533
264,0.3344317857428023
265,-0.006882561340387033
266,-0.05974097046069278
267,-0.09954720520756863
268,-0.229995234066968
269,-0.016321588407803463
270,0.061009329816830965
271,-0.15243291962141356
272,-0.12529818056079173
273,-0.13142740941565792
274,-0.39496062863489556
275,-0.04224691975997779
276,-0.20900549586997766
277,-0.1680732112951542
278,-0.039313715067899484
279,0.5074212361186401
280,0.04790269528471303
281,0.08607056182288793
282,0.18098509603952762
283,0.1664955645384847
284,-0.08535369462922132
285,0.41691635963593476
286,0.42361047194799817
287,-0.15504737531600774
288,0.10550873193563717
289,0.32595701378981107
290,0.24977098980768692
291,-0.46639529939029384
292,-0.08040996143146875
293,-0.19402010378060794
294,-0.30316156537924405
295,0.09387325555290955
296,-0.22820441841534975
297,0.03201943506419284
298,-0.08544994262553457
299,0.3872891334758171
300,0.06119103383219356
301,0.07044281994768406
302,0.04504657962279565
303,-0.32192690623057013
304,0.15614891256341387
305,-0.21465103533060073
306,0.0982540056663431
307,0.09117986046960601
308,-0.03714247309004044
309,-0.06252541589382009
310,0.002287308176349409
311,0.0020581122525476434
312,-0.12762492910870926
313,-0.3918916285310932
314,-0.01936238422651934
315,-0.3138418348897511
316,0.01255193314464495
317,0.021290319714917516
318,0.25014285545957443
319,-0.06042561705207423
320,0.0672579418805916
321,-0.20954735988765824
322,0.0828467814982431
323,0.3551451725784929
324,0.4178928253338494
325,0.04317765699685602
326,-0.04027605854012415
327,-0.0987125094676982
328,0.4099183732121907
329,0.4053391138427759
330,0.45813484348500905
331,-0.24447999776025017
332,0.2988878661655421
333,-0.15041355168738482
334,-0.03280768138499902
335,-0.061681027455989745
336,0.27159075018004175
337,0.01878083629701002
338,-0.2266701909559395
339,0.11102319405667982
340,0.0792488269821339
341,0.23562585913120476
342,0.42520906465431324
343,0.07059636374134688
344,-0.16948446621510688
345,0.0028633320076290047
346,0.17408604226646046
347,-0.02317541135047614
348,0.1527650191688653
349,-0.4524635851208008
350,-0.04116402829884494
351,-0.027605645716919883
352,-0.40317972650582545
353,0.1477036377417858
354,0.2888367881885613
355,0.431215487392669
356,-0.46439705845850754
357,0.025377233247041275
358,-0.3753455929133694
359,-0.11406893932097997
360,0.18745082519105719
361,-0.13167438650267912
362,-0.02307374842382557
363,-0.0752895339281316
364,-0.34302887288815165
365,0.22638226108335568
366,0.12183411827409898
367,0.20204174422304724
368,0.11303925174480244
369,0.11531821213747173
370,-0.05699414882031834
371,0.4424704979798243
372,-0.2585370842785467
373,0.31300816410457544
374,0.10651149560643824
375,-0.014406453767530816
376,0.18077990154160545
377,0.12760296263363044
378,0.14817549501558522
379,-0.19306321100468493
380,0.6325611773876346
381,-0.0754882625501262
382,-0.11717310886504974
383,0.38073406715167535
384,-0.028596601718926626
385,0.1867583645713319
386,-0.020716383530025285
387,0.18500173449019525
388,-0.1826573285932933
389,0.01583574982349783
390,-0.15197300515479073
391,-0.11540595878401833
392,-0.160488636045799
393,-0.20954819149192452
394,-0.03010504095193849
395,0.47311202473797925
396,-0.27339635624900555
397,0.02482661288713965
398,0.5724457876467853
399,0.18838291528785095
400,0.5940113818635722
401,0.22031836174759595
402,0.288768514594049
403,0.08163248685458505
404,-0.047068248104445196
405,-0.3044872155890739
406,0.03308883929579703
407,-0.19117029883162595
408,0.0314204625380541
409,-0.07667205637346707
410,-0.06002226819798805
411,-0.06990395879258993
412,-0.2064538097894301
413,0.1248057574636476
414,-0.3063138167536684
415,-0.08116311994351759
416,0.42131533292428114
417,-0.4254853188449007
418,-0.21091365405156004
419,0.04640010693369028
420,0.03880227379742096
421,0.19859300116734702
422,-0.16307874717033619
423,0.06077993961892611
424,-0.18495582319426024
425,0.3753712696697606
426,-0.15468023218454968
427,-0.008122566407287063
428,0.17969798329269104
429,-0.12312340732533433
430,-0.15496902800022888
431,-0.010273024253830157
432,-0.16361914514683834
433,0.14553054849575844
434,0.11507583189161491
435,0.05796871110230015
436,-0.21378178393229125
437,-0.10394264962983737
438,0.03179288005294826
439,0.18222437920247714
440,-0.1431177506817551
441,-0.017110095825124492
442,0.06679087730256686
443,-0.3750483342457726
444,-0.018723594720341283
445,0.21908895903939002
446,0.2935519639563956
447,-0.09250569354115841
448,-0.07480616051629717
449,0.26356388350298354
450,0.02587775724864224
451,-0.06521801515553247
452,0.2000231308283866
453,0.2893738753599474
454,-0.11326196675765238
455,-0.19498831129171504
456,-0.1077173183765414
457,-0.023157130504370543
458,-0.2546413914384508
459,0.02288596700492051
460,0.24986030294107867
461,-0.013320451821642772
462,-0.11705201193187954
463,-0.30168238899296995
464,0.004319837365989098
465,0.053926580685815094
466,0.07914671731720323
467,0.03998115193844013
468,0.11645797100155336
469,-0.07135180129847454
470,-0.04282157256452772
471,-0.08542487412650454
472,-0.04036000734605261
473,0.16431769651491157
474,-0.077651781074017
475,0.7558427204996516
476,-0.2654266232489702
477,0.1398553908583225
478,0.08270972388980721
479,0.12505179357210902
480,0.029799274240135884
481,-0.21315075937576622
482,0.3526679498899767
483,0.601929667828983
484,-0.4160513985804658
485,0.2355593875940591
486,-0.09774066828079492
487,-0.6975941243768682
488,-0.0776520664855682
489,0.12077259346625252
490,0.15653595696026096
491,-0.042957943466434945
492,0.18863027441749317
493,-0.2752254094955168
494,0.11289863175842443
495,0.5087900638604859
496,0.13618537348770765
497,0.0742084262365245
498,0.44235579864542796
499,0.015231160296349348
500,-0.03638174857046934
501,-0.111305511755541
502,0.3128806718614407
503,0.19630099794560446
504,0.15600343380865556
505,-0.12233510824101419
506,-0.11570917231232042
507,-0.025712430809740408
508,0.19008506610152945
509,-0.030596490588932844
510,0.10612346969008513
511,0.251281650622787
512,0.04738554715354673
513,0.03569298120916774
514,-0.061334911378961215
515,-0.014327355530002514
516,0.1912758109338054
517,-0.4419690726651569
518,0.0741034333247972
519,0.00038631357923129064
520,-0.17586559181246875
521,0.09642179133422038
522,0.05471257710771698
523,0.08531651004647409
524,0.2582441106989918
525,-0.17191182357513032
526,0.18815782927115213
527,-0.13210718007702554
528,0.10042476262502562
529,-0.09351810618422596
530,-0.24415513649834
531,-0.1971709510754207
532,0.0076187848030975225
533,-0.0551893079482602
534,0.07705989963978462
535,-0.24535029977061634
536,0.10059849348661519
537,0.1440843315719607
538,0.28001911320876277
539,-0.16784125022769042
540,0.12297560049692918
541,-0.3188333135479849
542,-0.18946011676741592
543,-0.12688609007712143
544,-0.5714556701089953
545,-0.1772123981760595
546,-0.5266870450719675
547,0.14003138995920067
548,-0.055335716264036605
549,-0.15478348450839544
550,-0.08717853621425822
551,-0.2752742333870233
552,0.16640012778510885
553,-0.025409987654954967
554,-0.10532700759282128
555,0.24316772440731974
556,0.14170617584904874
557,0.16497609101197483
558,-0.13501545037074603
559,-0.050656960716864215
560,0.10476125368718817
561,0.1558354701121224
562,-0.05350885082577709
563,0.077788064776598
564,-0.25840735729427095
565,-0.3986681710838953
566,0.05553061723393617
567,-0.004110647833285932
568,0.29207050892558656
569,-0.3139493402947401
570,0.2068876543706821
571,-0.17220748329381594
572,-0.1825163352496551
573,-0.06918880389434462
574,-0.42306758117824184
575,-0.042533868727903865
576,0.08575139634233811
577,0.2582629665897216
578,0.20748065830268675
579,-0.11296566486284346
580,-0.20960958365943602
581,-0.021177569529741692
582,0.02704798721064892
583,-0.18651624319260768
584,-0.20522614904628939
585,0.07603476205019284
586,0.13244358228354627
587,-0.3080032233726968
588,-0.2172604373726964
589,-0.10649245334324495
590,0.17317399456607932
591,0.02017892872331649
592,0.12704054706482987
593,-0.03222179868192139
594,0.07624321812603031
595,-0.05662072596701237
596,-0.3745546938806125
597,0.07421894111559557
598,-0.24789162577412863
599,-0.0315083054957522
600,-0.006418496667948095
601,-0.17611544474964275
602,-0.1507918674680217
603,-0.030231515639033726
604,-0.006493463202105913
605,-0.1952792484993095
606,-0.08738967578383879
607,0.3047776234623971
608,0.05638932077004613
609,0.007679530021048223
610,-0.16933139677325149
611,0.008828532714400018
612,-0.0992175403272659
613,-0.38429275664867674
614,-0.1299273537295756
615,0.15202304946011092
616,-0.2717589422449901
617,0.005878047832702113
618,0.20955783096261005
619,0.03889887350190563
620,0.2899854612704956
621,-0.20456614678539742
622,-0.09148876611303583
623,-0.1512810662487666
624,-0.16988087121897355
625,-0.5316216120578983
626,-0.45007424720650635
627,-0.1889802450496898
628,0.3484791164362434
629,-0.41515730824005254
630,-0.07100927910717128
631,-0.12232837810956698
632,0.02614866274789046
633,0.17907234135588548
634,0.5085635252468139
635,-0.04576612947221667
636,-0.0923189903337395
637,0.01665429168464753
638,0.16452004988129937
639,-0.5407555807823176
640,0.2819088605618483
641,0.05335544850268248
642,-0.14157552021020656
643,0.053025596570501043
644,-0.10620316553545235
645,-0.13886551898053254
646,-0.30842732993116817
647,-0.04114229946835775
648,-0.2456850753291298
649,0.09321408925383853
650,0.45987567670331736
651,0.14982358662204937
652,0.17672529950281196
653,0.10846316746955381
654,-0.1286765977441615
655,0.11188344264938212
656,-0.1587116264907834
657,0.42449996071668067
658,-0.04875833057151825
659,-0.006490043743096722
660,0.17118403724464207
661,0.13298933317640965
662,-0.050123249525516375
663,0.25573930020495195
664,-0.09531224821161857
665,-0.14949041160364018
666,-0.0695860755828777
667,-0.2574286252521609
668,-0.07332481601234639
669,-0.012666046361245409
670,-0.03646270331181209
671,0.3248641049374038
672,-0.3203300309479983
673,-0.09294437570009231
674,0.020215343966983164
675,-0.05504930653886213
676,0.1407977676203871
677,-0.2834859050456381
678,0.19360798325967338
679,-0.1401903867209302
680,-0.1325684080962804
681,-0.04921839945800064
682,-0.07308576249752648
683,-0.19410678580472474
684,0.11728246203673989
685,-0.32869536598276483
686,0.06192557202110685
687,-0.3270868363856298
688,-0.3498923709315726
689,-0.05430146095193926
690,-0.10238040361296363
691,-0.12416613967192155
692,0.16798589353641838
693,0.11871513255450353
694,0.3195116827724383
695,0.261132863411366
696,0.13598861889667674
697,-0.10689065808361545
698,0.37001033144387574
699,0.08215232795082449
700,-0.2006573837583794
701,-0.14417927000767933
702,-0.0623032653015047
703,-0.010870224679287591
704,-0.07183926806217211
705,-0.007609754408412686
706,0.3319034499820319
707,-0.19730485223134397
708,0.20473756836878848
709,0.1755604761915005
710,0.026577468251626674
711,-0.16808139213221615
712,0.12563114814105075
713,0.40628374891373703
714,-0.12024104673889274
715,0.04397267302638414
716,-0.012863172729546853
717,-0.3136600661876831
718,-0.11292680081226843
719,-0.19841981688380855
720,-0.01384685107604124
721,-0.10060195583128304
722,0.41828359585666675
723,-0.05366371070907081
724,-0.12625876471837266
725,-0.10122464144295516
726,-0.03121892989792468
727,-0.19354030923739599
728,-0.09669326476190881
729,-0.052964189073323585
730,0.04615915602488429
731,0.3826621336555462
732,0.006359445358582412
733,0.07583291244024763
734,0.10754130296308295
735,0.02002107941372424
736,-0.022259635017750468
737,0.09172621560152719
738,-0.12218064648132068
739,-0.33336625070477727
740,-0.04052589124549831
741,-0.341292241954157
742,0.022977651224652285
743,0.06435567406425542
744,-0.01887522227005966
745,0.15391998099523907
746,-0.0930252782750334
747,-0.05516403359833369
748,0.016558513776594584
749,0.2491130737915801
750,-0.1174955438659593
751,-0.04098704815483639
752,0.07171101348505463
753,0.02044483126214449
754,-0.043025148444191946
755,0.12386410422953631
756,0.1901962817108143
757,0.06352674225625161
758,0.2629004395215655
759,-0.08595335771196852
760,0.16256552087199766
761,-0.31911327614642204
762,-0.1956764976451208
763,-0.13468347214390947
764,-0.40379689521388706
765,-0.17863070478586762
766,-0.10051288781769932
767,0.3839024530155337
768,0.1502493643758789
769,-0.08376391054466523
770,-0.10430388951538541
771,0.2023508860504324
772,0.17606610211851145
773,0.3623626818439945
774,0.3857742677577275
775,-0.08181714834422973
776,0.07863742595640134
777,0.11684370424267226
778,-0.5317777939762589
779,-0.13199985222725896
780,-0.33533154943799004
781,0.10653307405860502
782,-0.23310567356205986
783,0.12460819524692447
784,-0.4174390325558289
785,0.15297156073245005
786,-0.12443756456772781
787,-0.11143191873125687
788,-0.12177285516058156
789,0.008854079605394118
790,-0.12300789240056514
791,0.18627575746774938
792,-0.21143861119834995
793,0.004708142291151768
794,0.18938666346077732
795,-0.32942343007982217
796,0.08473222317067561
797,-0.0386187404323465
798,-0.09258182828446042
799,-0.12021806062000182
800,-0.10473698544321448
801,0.129858038447073
802,-0.15191642363334715
803,0.2397100869540138
804,0.10000940597259157
805,0.14418246458232148
806,-0.28889471448159665
807,-0.08318680518219883
808,-0.29050006357945163
809,-0.2153138822612127
810,-0.27386541431506134
811,-0.44636545895097507
812,0.250258539966539
813,0.5742135872232941
814,0.05068433661376337
815,0.17993632080502037
816,-0.02884502786004628
817,-0.15523552362847065
818,-0.14242123964257425
819,-0.25293553246973377
820,-0.3594896357833889
821,-0.16337543435975202
822,-0.21156548630119432
823,-0.24652334803447853
824,0.228520281493434
825,-0.17787580084038476
826,0.18737227325267294
827,0.08802073230038451
828,-0.0466536650653305
829,0.45001753793702604
830,-0.08393473942191762
831,-0.08184099957944249
832,-0.1430062412457912
833,0.010054319433782405
834,0.15769327530582258
835,0.12802245969419193
836,0.22817674847637284
837,0.061215274177714094
838,0.0026939327950928557
839,0.0032044716646288662
840,0.24257190266623802
841,0.2068370682145129
842,0.23768235916217087
843,0.12243726542398349
844,-0.11605773995291706
845,0.1693455209643694
846,0.32251951595929734
847,0.13050611445460705
848,-0.2819990909587358
849,-0.012233792180456808
850,0.01605530089901988
851,0.14808491125203257
852,0.06993885852151917
853,0.1153320460677556
854,0.02618523949317906
855,-0.0029401856981015207
856,0.30161502553645186
857,-0.012181015201950512
858,0.03594258543128094
859,0.052025854318888023
860,0.18990261199913988
861,0.027267309073347804
862,-0.20735581482569593
863,0.09303748803755857
864,0.23329021478092107
865,0.1706710359011092
866,0.5496948261860942
867,-0.09880715155845551
868,-0.2067766957697307
869,0.10463670946614045
870,-0.011837619488829047
871,0.0505439944769597
872,-0.07880166925845597
873,-0.3792240899000281
874,-0.04671563449405086
875,-0.047950192219737384
876,0.3026577232369073
877,-0.16282225822604912
878,-0.18132440417450746
879,-0.22367677765250601
880,-0.0005247504391823199
881,0.21624107286136932
882,0.05345241737325308
883,0.009797803024977458
884,-0.23996690245490895
885,-0.07347153571668244
886,-0.28650111659026856
887,0.12573415566445162
888,0.2840853134009114
889,0.18588084180605638
890,-0.12302317505129493
891,0.0015725356955825914
892,0.12865133284251862
893,0.39688077225237856
894,0.27800130981394106
895,0.07705327693436033
896,-0.09040318567778777
897,-0.0367922668894164
898,-0.14548483828084918
899,0.2410451282026672
900,-0.20413634583003326
901,-0.16728864361715984
902,0.40647879851812685
903,-0.31911966614819465
904,0.2669834648805888
905,0.0711808425369965
906,0.008552915943989173
907,0.2877529974879828
908,0.20406323281755512
909,0.08861830227806955
910,0.07903970856166095
911,0.3661773266489955
912,0.07190235255985089
913,0.3991713434282022
914,-0.19114657955025463
915,-0.017101149821305683
916,-0.04609308701814526
917,-0.3650812511269812
918,-0.1341986098685278
919,-0.29673111939604635
920,-0.25575011715288193
921,0.06990674263837365
922,-0.3033751361446182
923,-0.1476919319053931
924,-0.043392840513675326
925,0.14469961277224336
926,0.33435246732167545
927,0.001212801078569456
928,-0.06900084529756725
929,-0.011524613825961316
930,0.14154952433560086
931,-0.48802127139538154
932,-0.11882032551002786
933,0.13612375322797265
934,0.1469696045197979
935,0.07443053990626652
936,-0.0719054697158274
937,-0.03828785534479123
938,-0.20907144064153216
939,0.3560665199114818
940,-0.20191699732721302
941,0.06849078335996327
942,0.020610387995706424
943,0.06572483008166291
944,-0.011870360848358047
945,-0.06887812162299567
946,-0.10824837788329195
947,-0.0943429181370588
948,-0.2190667088393793
949,0.17152368248981975
950,0.14174452743219598
951,0.1714610961553476
952,-0.10053329867638892
953,0.006259063111779581
954,-0.050923462289286583
955,-0.018801953814378915
956,-0.03323557853772232
957,-0.15420307405292746
958,0.12996466944280594
959,-0.16064141986481487
960,-0.09215203651389169
961,0.16121507905390747
962,-0.02248499924075842
963,0.19436474380556976
964,0.39068451007030586
965,-0.08259406965741037
966,-0.06320472616248944
967,0.04988439081034175
968,0.21482456642294312
969,0.04393998368181244
970,0.2530920858614947
971,0.2521031078183022
972,-0.29975701158509166
973,0.168728940077985
974,-0.23999622949121804
975,-0.40854123225496375
976,-0.10482547786816593
977,-0.2857031878310595
978,-0.03363350284951799
979,0.25972013775292435
980,0.08554579232593526
981,0.17373753840441616
982,0.19215333152139208
983,0.10576888089561018
984,0.2876731321255519
985,0.09107863003646968
986,0.0003421832709809478
987,0.22426875430561827
988,0.1387664520970705
989,-0.17397440238667206
990,0.022933910984115603
991,-0.3242790172216028
992,-0.16465168777581504
993,-0.06229236134221597
994,0.05801459480860184
995,-0.11953505978548283
996,0.09547310400299426
997,-0.06183608792405729
998,-0.20870825593654857
999,-0.10280334385602649
1000,-0.17526512588174478
1001,-0.085409457102367
1002,0.0026048485674493305
1003,0.12128286245256108
1004,0.24371919666846475
1005,-0.24667634470694758
1006,-0.010196967591558824
1007,0.04045302942048143
1008,-0.2186360357059536
1009,0.2925187798133338
1010,0.30542860860879667
1011,0.13237722395946058
1012,0.054661698977222534
1013,-0.06737084911302241
1014,0.001369270337113787
1015,0.33239333712779107
1016,-0.519196097308744
1017,-0.059171198553417084
1018,-0.05369829902246669
1019,0.3833803253015902
1020,-0.3085418913571419
1021,-0.09989676998332372
1022,0.3834877729285591
1023,-0.06651771018844789
1024,-0.13368301795095122
1025,-0.28656234419960624
1026,-0.05154936631821608
1027,0.38494315745507357
1028,0.18172791966846874
1029,0.07736350951886359
1030,0.10235734614078229
1031,0.36885345182658863
1032,0.1519853261436659
1033,0.14316373625448267
1034,0.12762879899098484
1035,0.043998491489870145
1036,0.04102874703603613
1037,0.10359315728990824
1038,0.18392182783752647
1039,-0.04962461345812294
1040,-0.05905355005960619
1041,-0.2408283052908588
1042,-0.330861717435632
1043,0.1579566075724694
1044,0.037578685299215986
1045,-0.010990592976388498
1046,-0.018323965131176664
1047,0.295861903763998
1048,0.05384266212883568
1049,0.0705629686558119
1050,-0.1935036352177666
1051,-0.20906580914389125
1052,-0.09551936581025428
1053,-0.1838528438059965
1054,-0.09383581144263962
1055,0.11895492688326612
1056,-0.3347496593304679
1057,0.22284448613242
1058,-0.11085290042684995
1059,0.14590240444656982
1060,0.012189509441640413
1061,-0.1753962482826648
1062,0.0011655200728003731
1063,0.0415340099560593
1064,-0.1099195277990335
1065,0.23537993141041136
1066,0.03553638138717895
1067,0.1471271924130928
1068,-0.1106170285423392
1069,0.029623796747836988
1070,0.08970523392024665
1071,0.008082023317749203
1072,-0.015276057146713776
1073,-0.07631473641880482
1074,-0.14391282139800698
1075,0.35359842415705867
1076,-0.03322431122962927
1077,0.05488223519452476
1078,0.14102380253100383
1079,0.11325550982222372
1080,0.37122557614814744
1081,0.352955324113271
1082,0.020049187877279027
1083,0.0981308822404851
1084,0.16569040927691497
1085,0.1302615379134983
1086,0.17794530207553755
1087,-0.0328473787005025
1088,0.4535615948470835
1089,-0.04854752230180111
1090,0.28592835179239046
1091,-0.04800451990601998
1092,0.26302228151504825
1093,0.13093257878991704
1094,-0.17565576764541802
1095,-0.2589855315428589
1096,-0.12053641884384388
1097,-0.148529003523731
1098,-0.3320143203786872
1099,-0.25568113483502397
1100,-0.16382210865271452
1101,-0.012015714281779796
1102,-0.012215672121908515
1103,0.18163928639677462
1104,0.08021196817103644
1105,0.4759625460184767
1106,0.41419582330771304
1107,-0.5237061456442468
1108,0.24206327658420876
1109,0.16179020661838178
1110,-0.26729937767520917
1111,-0.37478856136743577
1112,0.07271660078597778
1113,-0.3292772336505787
1114,-0.24486315242624646
1115,-0.23377463850624364
1116,-0.08052827734064374
1117,-0.02940088938946285
1118,0.04776356635383527
1119,-0.23591261522661686
1120,0.35540783442004825
1121,-0.09897631533177492
1122,0.04881471853681259
1123,-0.04233424171468652
1124,-0.0587522774652524
1125,-0.46633200603578445
1126,0.1533990833836979
1127,0.08141105946546275
1128,0.18082433915555832
1129,-0.09012085534935571
1130,-0.31007617232001444
1131,-0.033837991950799826
1132,-0.13017112357500493
1133,-0.08537941045061548
1134,-0.16977045962585957
1135,-0.14399291730199187
1136,0.013564621866161388
1137,-0.1042725311441192
1138,0.20693400708853113
1139,-0.02183144267741932
1140,0.25745489464285265
1141,0.23661537534751376
1142,-0.3367655119483264
1143,-0.050308039811818535
1144,0.39398549583867915
1145,-0.1265455460941434
1146,0.15068596444331236
1147,0.21068864139866844
1148,-0.09502019525127567
1149,0.10858319357428817
1150,0.1026380818558697
1151,-0.051620243127398185
1152,0.04429370962236012
1153,0.158438137008825
1154,0.055495610444493554
1155,-0.044906123026229164
1156,0.21260708237876033
1157,0.04999509984602161
1158,0.21503102279864741
1159,-0.29682412251567086
1160,0.10238146480524851
1161,0.0845204154809038
1162,0.008077999236887422
1163,0.2303294293870789
1164,-0.26983625593414273
1165,0.38218030269826075
1166,-0.040143694263122115
1167,0.07027550292479806
1168,0.06205850093896669
1169,-0.13280264448084797
1170,-0.16023982512311666
1171,0.07170778516749321
1172,0.2752855923924729
1173,-0.22447568564295342
1174,-0.020354450833579105
1175,-0.3431830918728776
1176,-0.3860936370982409
1177,-0.2412419320490962
1178,-0.2678050974109659
1179,0.019627462670422605
1180,-0.28478154410481316
1181,-0.10527501140983485
1182,0.16193448319218637
1183,0.14824855030897893
1184,-0.10688638453986828
1185,0.5079591091680022
1186,0.20083295122358058
1187,-0.0455462381954803
1188,-0.19651445684002966
1189,-0.1924028222280524
1190,0.2769363473032701
1191,-0.12358870355168848
1192,-0.48655672550147855
1193,-0.31237631707169855
1194,-0.32512208480790594
1195,-0.2342772173455553
1196,0.026446258752066423
1197,-0.002410661256955618
1198,-0.14337408670768947
1199,0.07520821975700673
1200,-0.1738930293881703
1201,0.4088150980525143
1202,-0.08072560893833558
1203,0.060979286346947804
1204,-0.0840875847547109
1205,0.03458136083674411
1206,0.19687451694001876
1207,0.24160164521515587
1208,0.44437832953319634
1209,-0.397772566026156
1210,0.14194574718144543
1211,-0.005321912833715109
1212,0.3931784649259291
1213,0.036028997948669275
1214,0.21094293288512894
1215,0.06410260055360624
1216,-0.014241807902619835
1217,0.0982395796180568
1218,-0.14188072652020864
1219,-0.0471298430880406
1220,0.07146624599744922
1221,-0.19425503684861012
1222,-0.08923804565582719
1223,0.432880818479053
1224,0.3523320029915617
1225,-0.1725814123907069
1226,-0.02474603551214502
1227,0.2868697149214793
1228,0.25891808359186974
1229,0.18229118998699262
1230,-0.08892359135541125
1231,0.04579718835548036
1232,-0.19594280315990853
1233,-0.018802148769233792
1234,-0.21514189359849595
1235,-0.19213174966699959
1236,-0.10136847574049476
1237,-0.41116436607303186
1238,0.14020048828019743
1239,-0.3252860052437071
1240,-0.1985523702469321
1241,-0.05040008018987806
1242,0.37950764222690114
1243,0.25642618291648134
1244,0.440312963046898
1245,-0.010477623838182987
1246,0.27931668445708946
1247,0.14321554056216057
1248,-0.5411080796488247
1249,-0.2205610995004208
1250,-0.33887116206098455
1251,-0.020800511988681575
1252,0.01677577300800978
1253,-0.5015913226944029
1254,0.0018842695652843966
1255,-0.23391320717263384
1256,-0.6308204346347908
1257,0.19676691707749006
1258,-0.004360014277192535
1259,-0.20046884477154203
1260,0.3995268868522406
1261,-0.17562467214951052
1262,-0.25154854831676554
1263,0.14384605428176833
1264,0.15319008001727302
1265,-0.24052977778132817
1266,-0.13096905998498706
1267,-0.20148947684119858
1268,-0.1679735924367197
1269,-0.08658870759114118
1270,-0.21083284297281465
1271,-0.3693872056086554
1272,-0.2604624908337457
1273,-0.43579211273680146
1274,0.11704083392406854
1275,-0.06381445062276814
1276,-0.10636876253025823
1277,-0.18516826225168762
1278,-0.05190404158940151
1279,-0.10755138265705677
1280,0.01813078820455855
1281,0.05875213698528253
1282,-0.019465352712768107
1283,-0.3013636008497345
1284,0.3525361107762774
1285,0.13173346379543682
1286,-0.3008067407051993
1287,0.3318709154703341
1288,0.23825958300438665
1289,0.0007996407445656911
1290,0.30265367113328756
1291,0.22364079745958684
1292,-0.3052647861560728
1293,-0.22218079543463223
1294,-0.18456344428605606
1295,-0.321141172889616
1296,0.1490933860466284
1297,0.27588670577237046
1298,0.23691169798829387
1299,-0.0644782971782953
1300,-0.05777739384475894
1301,-0.3798585981164555
1302,0.4191131559433399
1303,-0.37808257749146484
1304,0.19190081715527404
1305,0.10155635273946001
1306,-0.020624251660940673
1307,0.13698080769575907
1308,0.06082103149166696
1309,0.12410406428455602
1310,0.3322793621038725
1311,0.12093892186704618
1312,0.0895311156070583
1313,-0.168502075661534
1314,0.04697443078004909
1315,0.028458191695706292
1316,-0.15715331700773377
1317,-0.08345739149056654
1318,-0.17888315041720446
1319,-0.12410013234167394
1320,0.386663264337801
1321,0.2158445813177235
1322,-0.004469957270487698
1323,-0.11443456127950029
1324,-0.1387725523284058
1325,-0.09015697766783348
1326,-0.12481426045550524
1327,-0.12033083990210525
1328,0.2982416073636492
1329,0.03670677212390911
1330,0.2038720524509992
1331,-0.4869335409490335
1332,0.09463638519895025
1333,0.054187497474508545
1334,0.03348948055506394
1335,0.16855917475525595
1336,0.00019801757993853294
1337,-0.48406631296952257
1338,-0.22899203320263284
1339,0.33767095901170163
1340,-0.22864353584552338
1341,0.16533961951730203
1342,0.13002580791349985
1343,-0.1793204533858436
1344,-0.21276011438783532
1345,0.1772288891343792
1346,0.1941893424904865
1347,-0.2240496805694342
1348,-0.14939794676033
1349,0.2174447661179092
1350,-0.026579323196306542
1351,-0.016496929000101287
1352,-0.30294850308148147
1353,0.11396660994914032
1354,-0.06563209757606678
1355,0.08302643755631857
1356,0.3592830742050954
1357,-0.5380967271401844
1358,-0.45486876220785216
1359,-0.06388746666611883
1360,0.10894139363451447
1361,-0.07561838032591645
1362,-0.02805571091905258
1363,0.24296464108655827
1364,-0.026071591173770232
1365,-0.16051069920565128
1366,0.2883965736357078
1367,-0.09496820964720985
1368,0.28995574615228487
1369,-0.349467881805966
1370,0.06627561631221202
1371,0.15270614808049088
1372,-0.2717193441278209
1373,-0.44868278015989393
1374,-0.06573828624800306
1375,0.092054481611521
1376,0.13583017514234313
1377,0.04827057237970038
1378,-0.19929126782377865
1379,0.058986982801451246
1380,0.30482796620918384
1381,0.2572924623711074
1382,-0.0026741045689232246
1383,-0.15800802405851505
1384,0.3232617126454741
1385,-0.34432559740927804
1386,0.20770282167079052
1387,-0.12083143493749972
1388,0.1801281652590828
1389,-0.26443100146938564
1390,-0.12790408404817807
1391,-0.014788368878120364
1392,-0.3528289951673722
1393,0.10179562624502758
1394,0.049806782456285836
1395,0.21289157333431083
1396,0.0999658247303047
1397,0.27268555671603545
1398,-0.10431541161314309
1399,0.05740886140367955
1400,0.12486282780092792
1401,0.12308680932075461
1402,-0.13768154451651818
1403,-0.12440086258059113
1404,0.272369956159353
1405,-0.2185467275581176
1406,-0.12941414992231667
1407,0.029933487301319513
1408,-0.0009529583777955
1409,0.19344048122281807
1410,0.10334639447974436
1411,0.15314717351923757
1412,0.09194059857828676
1413,0.021487605526901134
1414,-0.09175522564249955
1415,-0.10083913302940513
1416,-0.24372626873862982
1417,0.1338227202636329
1418,0.01955391708289452
1419,-0.00966612336108192
1420,-0.03044328611368878
1421,-0.0667861602383702
1422,-0.3669714342057928
1423,0.14325558840613214
1424,0.1350262095663829
1425,-0.35079726914768117
1426,0.33166668604928834
1427,-0.22754391150357
1428,0.29334073546714634
1429,0.002066080888215617
1430,0.04899898584149867
1431,-0.13743459063912455
1432,-0.018203798846290656
1433,0.17964446174242674
1434,-0.33726286743779943
1435,-0.20422024361291852
1436,-0.07118336569974856
1437,-0.14337484227701133
1438,-0.14439550816944347
1439,0.2790698806619952
1440,0.1047038980755231
1441,-0.1399605805586726
1442,0.05080085498813247
1443,0.1194263734285203
1444,0.2381074595376181
1445,0.2636743445622441
1446,0.06072699483875912
1447,0.09906472675615265
1448,-0.45392237494929816
1449,-0.19911247063774895
1450,-0.5009397793167065
1451,-0.30144296483640837
1452,-0.24519891212680803
1453,0.03961170575646725
1454,-0.1117452918016419
1455,-0.21990325800749683
1456,-0.09788228296907311
1457,0.26138959311369214
1458,0.30199075227308025
1459,0.31177876917659714
1460,-0.24242916883486915
1461,0.10484732530786395
1462,0.349572077290166
1463,0.12410371178642435
1464,-0.16120793728950467
1465,0.14964907193504823
1466,-0.08563824499561903
1467,-0.12044220791906338
1468,-0.054301511777307694
1469,0.10494784919187015
1470,-0.2563954871930405
1471,-0.05130526916021537
1472,-0.016503298436534065
1473,-0.0723426430397232
1474,0.06866011111674329
1475,-0.08175461176706146
1476,0.28730472228968595
1477,-0.3091347269311978
1478,0.15729785078877673
1479,0.12849393277682566
1480,-0.13967531390964372
1481,0.14090618522263024
1482,0.23689212302877535
1483,0.19140044474738147
1484,-0.12634176229240124
1485,0.5433480505030871
1486,-0.11362663452971868
1487,0.0395191434224572
1488,-0.12703941426368043
1489,0.2295558429530217
1490,-0.3172659301819416
1491,-0.20994645674167936
1492,-0.16352687038013974
1493,-0.18815358828629358
1494,0.3125638396086896
1495,-0.008617754288861745
1496,0.20498379358330956
1497,-0.09940026077384788
1498,-0.09180809604266088
1499,-0.4202556143895668
1500,0.05876586290148631
1501,0.23199008134855037
1502,0.010844200428623513
1503,0.19133904622625766
1504,-0.16289858781146035
1505,-0.05556917366765069
1506,-0.07360491420840101
1507,-0.10396731044485161
1508,0.08497797885701025
1509,-0.547054276015282
1510,-0.3458091617202201
1511,-0.0855755229860515
1512,-0.18039580373172848
1513,-0.17213694877924657
1514,-0.1268495284979111
1515,0.055105594246749705
1516,0.12111049251924315
1517,0.31984113860166474
1518,0.01861837695411675
1519,0.1529918421523063
1520,0.3748067198336519
1521,0.1847073747526004
1522,0.07357446118782873
1523,-0.19403559079454566
1524,0.03685199845136943
1525,-0.10288968221710108
1526,-0.06268211282706462
1527,0.09868983699516659
1528,-0.0462059568873278
1529,-0.3853209729719556
1530,-0.36498182940537593
1531,0.07899477264667067
1532,0.2818190233873897
1533,-0.09269008328928316
1534,0.33012277615217456
1535,-0.006440346293210553
1536,0.1463564615248171
1537,0.25035365478947125
1538,0.12536315653575117
1539,-0.09605166785243893
1540,-0.08232160193239943
1541,-0.09383327977696695
1542,-0.19965973815059002
1543,-0.0922596976058738
1544,0.042075720171420514
1545,0.39031402756074396
1546,-0.16386383364260523
1547,0.3441189830693236
1548,0.1571903758815483
1549,0.41613490580322904
1550,-0.3237538059057466
1551,0.24570761443316624
1552,0.13688210084637495
1553,-0.19515072099651304
1554,-0.4207859320838292
1555,-0.21417683092132833
1556,-0.2262042786040565
1557,-0.16960318810649389
1558,0.25422969569660075
1559,-0.15276037015430918
1560,0.1413082676646414
1561,0.38894256566707647
1562,0.05329980509277075
1563,0.4515127101942781
1564,0.08572138724366228
1565,0.1661078801122694
1566,-0.03130683879430824
1567,-0.23564830204053638
1568,-0.1772196262762692
1569,-0.5142038081802964
1570,-0.19906913199066853
1571,-0.15885604206471343
1572,-0.01522446986645784
1573,0.20794731653211196
1574,0.1419990439167171
1575,0.12692452714399943
1576,0.15134999749467926
1577,0.06971422175230252
1578,0.11712598419436157
1579,-0.36103788584989227
1580,0.040697749926829674
1581,-0.2510913337348365
1582,0.04298615257731073
1583,-0.2641153739281369
1584,0.025932785356257697
1585,0.0074349654707063645
1586,0.09610569556566259
1587,0.10449181920387003
1588,-0.2227606762471244
1589,-0.12189677408593255
1590,0.017419227763386582
1591,-0.040743507344301655
1592,-0.03196169244242156
1593,-0.17232760017761412
1594,0.010232355418534816
1595,0.2674131413295149
1596,0.714628876430169
1597,0.24799130214696657
1598,0.01171777367135994
1599,0.07900819596593801
1600,0.14456191368783577
1601,0.1788063537343724
1602,-0.35472933037480664
1603,0.1435219075751622
1604,-0.08631554985428623
1605,-0.0821583014316902
1606,0.1447426502145133
1607,-0.3444351015891733
1608,0.23915802793690621
1609,0.030555296264383608
1610,0.4805029001876321
1611,0.21335496591814077
1612,0.42037527219159737
1613,-0.05083201990245708
1614,0.198189911589749
1615,-0.16243395236362798
1616,-0.2383427164009964
1617,0.2749916438469248
1618,0.2416587035808292
1619,0.25705161714542796
1620,-0.2121712480966006
1621,0.46503444477250433
1622,-0.04747992929901931
1623,-0.1966222608821894
1624,0.044626700568322464
1625,0.286586933009791
1626,-0.00642977545744098
1627,-0.3144752477807359
1628,-0.026585725701111815
1629,-0.20921214385177103
1630,0.30582487476037074
1631,0.37027674189975057
1632,0.007427875099985479
1633,0.1622115627450018
1634,0.04506384772213533
1635,0.07656238267501637
1636,-0.2943386823628801
1637,-0.011320483274863423
1638,0.2055646724217594
1639,-0.06259922740614426
1640,0.07782928073876613
1641,-0.14728583043997645
1642,-0.05639991696930917
1643,0.0011938520326019789
1644,0.17611625826925886
1645,0.2222055094820747
1646,0.05962975742469985
1647,-0.3828561477322317
1648,-0.32962662977106383
1649,-0.020911446035167522
1650,0.09249056045964463
1651,0.03811131090287358
1652,-0.08836369987077163
1653,-0.06336020986360445
1654,-0.3588602580740257
1655,-0.0009703428846184609
1656,-0.23685011014486942
1657,-0.17445979249485155
1658,0.22876665329722695
1659,-0.1100341174077355
1660,0.17377171763187457
1661,-0.022970881265434152
1662,-0.03784073930864976
1663,-0.29635989349647807
1664,-0.17786571540199134
1665,-0.2993859864506978
1666,-0.3396390085553442
1667,-0.23530850826105867
1668,0.08008927621636115
1669,0.029780827314972114
1670,0.08006146887355531
1671,-0.13212216143239472
1672,-0.04000003239764613
1673,0.0042456974299515116
1674,0.2339057915569781
1675,-0.14736623460131165
1676,-0.3859422237340071
1677,-0.14564425803626102
1678,0.13962631256663238
1679,-0.4594167005452039
1680,-0.20314359534420615
1681,0.13625208250588566
1682,0.2813575255217235
1683,-0.08644571271274627
1684,0.17180647669033197
1685,-0.1493338602986251
1686,-0.15840653986182737
1687,-0.08076999540329016
1688,0.038709401994072246
1689,0.2723130062858747
1690,-0.050585324312794624
1691,-0.01809339537386291
1692,-0.11542912335074873
1693,-0.11258274969995477
1694,0.16855099481393654
1695,-0.012863687322173425
1696,0.18526751344523457
1697,0.36200042857573617
1698,0.11919680793919177
1699,0.29863218350418497
1700,-0.00552723675930257
1701,0.17287686074524483
1702,0.1460989586027804
1703,0.0015372431960196317
1704,-0.24655286388233588
1705,-0.061949411725481615
1706,0.2071607418704106
1707,-0.04719958078493322
1708,0.011997424679749819
1709,-0.20740284689169647
1710,-0.15533612804651484
1711,-0.07099664407049341
1712,-0.0771130688040955
1713,0.40123780006292986
1714,0.1837441857754471
1715,0.13497577425013293
1716,0.0540761954950928
1717,-0.0850795072165463
1718,-0.05838459362524505
1719,0.022237937392751157
1720,-0.02683515749776756
1721,-0.019650352025436132
1722,-0.33240903870095184
1723,0.059448258058979034
1724,0.09189447974542984
1725,-0.18837237465327156
1726,-0.03807909388880981
1727,0.015526143122454223
1728,0.2018061636172818
1729,0.13730734495556682
1730,0.16531888174489962
1731,0.08370087723421801
1732,0.06201751245256188
1733,0.12212105674636119
1734,0.23545770273775338
1735,0.16935533319658724
1736,0.15361195081082163
1737,-0.13721235317185737
1738,-0.04880087367800183
1739,-0.43854624320256846
1740,0.04374767711233201
1741,-0.14418855095552344
1742,0.2518762904414077
1743,-0.11872203302231082
1744,-0.264769160500056
1745,0.1687829375487144
1746,-0.4387534097524473
1747,-0.5686739895475857
1748,-0.07329581517128184
1749,-0.2446107017494731
1750,-0.10867718019956824
1751,0.1596854094935137
1752,-0.10608238647879975
1753,-0.14445716488273688
1754,-0.07638466162685906
1755,0.03431779690847726
1756,-0.08178298314533608
1757,0.10592165743986548
1758,-0.12581823809832723
1759,0.11686265733809824
1760,0.028820061721405707
1761,-0.045239427335397514
1762,0.033193618620561506
1763,0.1387596287134218
1764,-0.040871384896790416
1765,-0.30322289347003833
1766,0.026501582526557443
1767,-0.08921279429879884
1768,-0.22114727191699307
1769,0.3919180525165307
1770,-0.3619988537643374
1771,0.007759535462859717
1772,-0.013089359754349827
1773,0.04392182343558258
1774,-0.2931355710752208
1775,0.0327142158483918
1776,-0.24723274994137115
1777,-0.13317738983886618
1778,0.12788207266935844
1779,0.16898612693444393
1780,0.07893678112605593
1781,0.1720058443394908
1782,0.10789983786345783
1783,-0.11842764608571323
1784,0.03662820447048799
1785,0.28118819554608576
1786,0.04863162713787153
1787,-0.09448368900875329
1788,-0.03786085472667029
1789,-0.1098299328005371
1790,0.17863392576867734
1791,0.20682690152346417
1792,0.2719810044691515
1793,0.1942767816339734
1794,0.11371754608133032
1795,-0.052754219519951115
1796,0.049802491060960824
1797,0.39731916153213515
1798,0.03912420048970339
1799,-0.016446539934297046
1800,0.2626875770974658
1801,0.456348086997596
1802,-0.05465111080574582
1803,0.2269348216409103
1804,-0.039517791505037675
1805,0.06641567077869238
1806,0.3625726367971034
1807,-0.2110858537343675
1808,0.048335810327727186
1809,0.3993899224285522
1810,0.43774986513386266
1811,-0.17537731657829803
1812,0.18470284476884896
1813,-0.11463165158235225
1814,0.14821890510969007
1815,-0.09750787244015137
1816,0.22931500430368956
1817,0.06078206317797927
1818,-0.2670165017554396
1819,-0.08667034965250948
1820,-0.05354012872572393
1821,-0.20435435601057134
1822,-0.11682363301900478
1823,0.18608811183761947
1824,0.21824783393979003
1825,-0.14331360234298135
1826,0.2459960246261096
1827,0.05934257542207834
1828,0.14126505648298254
1829,0.14616100106952926
1830,0.1158233052721651
1831,-0.12309346102750524
1832,-0.19633542748647775
1833,0.1970441711742088
1834,-0.48514932335546423
1835,-0.10780304127516924
1836,0.07435231261613144
1837,-0.07033046874534477
1838,0.328855784140818
1839,0.2371724022907509
1840,-0.010007746474659907
1841,0.06336735871480885
1842,0.261757285134726
1843,0.052680873616372956
1844,0.04236851884275593
1845,-0.1873446363537249
1846,-0.1764579470840122
1847,0.08798359994333134
1848,-0.36753530962562037
1849,0.005252105628063455
1850,-0.08607287013464972
1851,-0.25200467577888686
1852,-0.13802250407821823
1853,-0.005854651030017782
1854,0.3881520051629729
1855,-0.01084415569779014
1856,0.16594369332213615
1857,0.4492649203068302
1858,-0.43496567942992115
1859,-0.10785713347470777
1860,0.30191915900007454
1861,-0.04892037664792232
1862,0.05987842963738267
1863,-0.20016913344685985
1864,-0.18986864407178403
1865,-0.31056087078353445
1866,0.10296598951697995
1867,0.11926835174804024
1868,0.03649128863715091
1869,-0.04002174654356422
1870,0.09419480799316864
1871,-0.24899508592699965
1872,0.13253864569243437
1873,0.272295394316488
1874,0.07245651563084382
1875,-0.028864306989264704
1876,0.4419249126675193
1877,0.09262556089664757
1878,-0.06050764080985006
1879,0.03136977817561165
1880,-0.3072188857831101
1881,-0.12195000928287453
1882,-0.05499748652860128
1883,-0.10666909848971973
1884,-0.29000588500524355
1885,-0.012083996297872683
1886,0.28143497552998775
1887,-0.09066581743597402
1888,0.23582797303740846
1889,-0.029629111076615918
1890,0.13717597996510428
1891,-0.16568159867880017
1892,0.17295802597634777
1893,0.10294378488995429
1894,0.2802408938775728
1895,-0.40646059569552995
1896,0.13812202594285272
1897,-0.017483138881803417
1898,-0.09759350298650765
1899,-0.5067933102405265
1900,0.3932098638198109
1901,-0.3859763580688894
1902,-0.04885622968010682
1903,-0.18869173551480484
1904,0.024558038745833802
1905,-0.12563208803156292
1906,-0.37327113911507465
1907,0.41373530497386396
1908,-0.16629741219089136
1909,-0.2905549100218986
1910,0.29851529262817705
1911,0.2647876173949418
1912,0.4222008573083898
1913,0.23160298524695278
1914,-0.07857086544186406
1915,-0.002822898948001737
1916,0.37708191765907584
1917,-0.15979946092964759
1918,0.38829103307839974
1919,-0.05398831421599018
1920,-0.2855063014036995
1921,0.060652376950817724
1922,-0.10208771959468683
1923,0.09480917533781462
1924,-0.21437408993436474
1925,-0.22284505802752091
1926,-0.16658938488605946
1927,-0.05230931377083679
1928,0.3178228182541326
1929,-0.15271766311496965
1930,0.08016573792095608
1931,-0.13769619486139
1932,-0.0009002040056626665
1933,0.09162055821534075
1934,0.3893816821845227
1935,0.025262681138861508
1936,-0.2180126033098693
1937,-0.04826230312492892
1938,-0.12191849920894884
1939,0.04553603546484286
1940,0.04876690577230372
1941,-0.28140647224096543
1942,-0.18967779744454794
1943,-0.11001531798334135
1944,0.09453596871519611
1945,0.08378227054226202
1946,-0.12840929570772464
1947,0.3592169697187208
1948,-0.02634791443420302
1949,0.18379310235427992
1950,0.4239188431761444
1951,-0.03191027505251779
1952,0.19106402561540506
1953,0.07998411336935692
1954,0.0671978638247585
1955,0.1566837832403027
1956,0.05092492063381564
1957,-0.05734245226521802
1958,-0.15921150807631984
1959,0.27922161702514203
1960,-0.04374841834833023
1961,-0.0010649571230935302
1962,-0.06792674783146985
1963,-0.35471418407298483
1964,0.06405984618006037
1965,0.0791933735696844
1966,0.14581096682368033
1967,-0.15803420922368272
1968,-0.36617031053317095
1969,0.254296121397448
1970,-0.08337692415763051
1971,-0.112943618195212
1972,-0.04902549654635302
1973,0.2554588019757581
1974,0.24707356898835817
1975,0.40319195832398325
1976,0.08117123240760618
1977,0.19771760641534236
1978,0.16988290256588667
1979,0.07647324639941068
1980,-0.25034912030312
1981,0.08897170450214711
1982,-0.10319169952987865
1983,0.008320250619925931
1984,0.3312262045085948
1985,-0.4242952649276127
1986,-0.20221222156592705
1987,0.30600299926929625
1988,-0.1760749374735197
1989,0.3471005680328828
1990,0.04384218537094686
1991,-0.2565663845721844
1992,-0.01168818218930813
1993,-0.1931045464102722
1994,-0.2937269363232897
1995,-0.17533219166215577
1996,-0.09484639942579223
1997,-0.16324239972458046
1998,-0.023525835399236555
1999,-0.15739328311734296
2000,-0.20088739034618092
2001,-0.34614284369520953
2002,-0.015870704717895333
2003,-0.2140581589462449
2004,0.09932477990242586
2005,-0.307451192671143
2006,-0.14323995791391186
2007,0.5450561979950871
2008,0.02297557653778115
2009,-0.017164771020215686
2010,-0.2669888208066448
2011,-0.07454006763577672
2012,0.13941488962575344
2013,0.3248905064482335
2014,0.4459613706308436
2015,0.09015118297975347
2016,-0.13160241343891754
2017,-0.28234460748969215
2018,-0.24640684297891244
2019,-0.07952442582018163
2020,-0.240858236021763
2021,0.024138658011883175
2022,-0.3913904382102779
2023,0.26068169372953537
2024,0.08728953774865209
2025,-0.005603461360382325
2026,0.27631853204859014
2027,-0.16449688447073701
2028,0.12690495098799143
2029,-0.16277993403437316
2030,-0.11326790008571203
2031,-0.053770181397889
2032,-0.18284784996429992
2033,0.17986744959102074
2034,-0.19370662569813935
2035,-0.022689100811768323
2036,-0.33254521534057674
2037,0.10976952495088489
2038,-0.13025856919777828
2039,0.0562133523273587
2040,0.2521124289405922
2041,0.2714796877100267
2042,0.11100031685590148
2043,0.04519092128702742
2044,-0.0007847859660362784
2045,-0.5924608364056592
2046,-0.35213965884349363
2047,0.05450671289221005
2048,-0.26676122457066953
2049,0.06334949228809038
2050,0.22118604527515315
2051,0.22644695324468855
2052,0.110365506610556
2053,0.3166034344054065
2054,-0.21639163239686252
2055,-0.03783216733673911
2056,0.106689772189915
2057,-0.21227598850300766
2058,-0.0077696105278155375
2059,0.17217196601679002
2060,-0.36150853373758884
2061,0.1956712476806278
2062,0.16781259196361253
2063,0.10557049327873337
2064,0.23156245103069908
2065,-0.1354048161127249
2066,0.2767013305810843
2067,-0.20608614183645893
2068,0.08301181103752053
2069,0.2022816075265704
2070,0.1001801866909055
2071,-0.19697840335442074
2072,0.25216486423482837
2073,-0.22107613067321336
2074,-0.1535567358368074
2075,-0.34287934112910357
2076,-0.41266784959489167
2077,-0.36940741789391845
2078,-0.4394600563870916
2079,-0.45215937026453606
2080,0.03974136943679048
2081,-0.3680239858572125
2082,0.04897358423886998
2083,-0.06370847467134709
2084,0.014062424495355677
2085,0.2638632931298685
2086,-0.3401127380737021
2087,0.08182501706437362
2088,0.1441328643984446
2089,-0.05126800236030366
2090,0.24939413946354622
2091,-0.036547339540431815
2092,0.07859011777482827
2093,-0.18600519688242897
2094,-0.044463563169686054
2095,-0.023489734695301787
2096,-0.0439848735099849
2097,0.022060257227580534
2098,-0.059779641582832624
2099,0.18647965134896086
2100,-0.3734619966219322
2101,-0.016868060905313217
2102,-0.07200063464456963
2103,-0.3650831423948424
2104,0.12849482595332512
2105,0.3426970337736827
2106,-0.15611450393804605
2107,-0.1960187102781147
2108,-0.005009557434271575
2109,0.09905634842473862
2110,0.4284259779892897
2111,0.17813905678945519
2112,-0.048725221902145635
2113,0.015829309219371687
2114,0.15346691418619887
2115,0.18618205817215383
2116,0.3888656586172304
2117,0.03628674968051882
2118,-0.15825652818647729
2119,0.2500577163298686
2120,-0.3168516297108694
2121,-0.0323020541336035
2122,-0.1448863298808016
2123,-0.2749967095351836
2124,-0.356449075112769
2125,0.1857119940906252
2126,-0.192852618223799
2127,-0.14537994044308117
2128,0.16379339795104586
2129,0.04639140051434294
2130,0.33794024400400563
2131,0.4146900458227985
2132,0.1630113397645997
2133,0.13952562270030452
2134,0.1450698535642196
2135,-0.22999361454887948
2136,-0.2829986795180744
2137,-0.3968203180485752
2138,-0.46457545265125544
2139,0.010278599486986534
2140,-0.03234871821315241
2141,-0.2780208301509392
2142,-0.08004052268547522
2143,0.20033304207377534
2144,-0.15984739644111057
2145,0.18028898728793824
2146,0.18236837819344653
2147,0.15056660126435245
2148,0.3179506566179024
2149,-0.24232610022630627
2150,-0.23308481046039817
2151,0.25476274596056625
2152,-0.049859413014748555
2153,-0.004698622385738593
2154,0.022400458191369085
2155,0.07844888568218926
2156,0.27913445682463295
2157,0.13810801637155365
2158,0.12867289698384965
2159,-0.11878327493944485
2160,0.04203838278821545
2161,-0.1716947607787428
2162,0.17895024530310427
2163,-0.1382688604620926
2164,0.10477585513194242
2165,0.120532562229788
2166,-0.44468971009835007
2167,-0.254605858945476
2168,0.4904080828780117
2169,-0.2169551608558867
2170,-0.09227087008477039
2171,-0.12083640672373613
2172,0.21395248847355477
2173,-0.14002212418495197
2174,0.24222467306523215
2175,-0.22576892801195755
2176,-0.07390562657085262
2177,-0.07237066587337773
2178,0.12453451436442264
2179,-0.4688916820085573
2180,-0.24664749185441154
2181,-0.22853833216200972
2182,-0.2076489178638677
2183,-0.1142151209618355
2184,-0.24449155006378287
2185,0.1423352410825926
2186,0.049896186428784475
2187,0.40027736776511275
2188,0.01474556204701026
2189,0.26155822760678604
2190,-0.260103385398446
2191,0.0956470540850641
2192,0.02371145953426343
2193,-0.09394324103313527
2194,0.2881316258484723
2195,-0.23544373396345247
2196,-0.038426685729055214
2197,0.1286856464324167
2198,-0.3150984092611902
2199,-0.2333928936215165
2200,-0.23637503148495195
2201,-0.3228697538140745
2202,0.16103814441650982
2203,-0.13147208434214147
2204,-0.11862146432129209
2205,0.5459831346244328
2206,-0.4339910563733962
2207,-0.023774781395767816
2208,-0.020693623699727312
2209,-0.12699140559373234
2210,0.3549527042502928
2211,-0.16109075734044775
2212,-0.511617060638698
2213,0.02319328879228221
2214,-0.03955708135603499
2215,0.11416594259114857
2216,-0.4489064409554129
2217,-0.3248713478830293
2218,0.04699141873103204
2219,0.05294136751691343
2220,0.18569455667712498
2221,0.1757232160380786
2222,0.21030331382139006
2223,-0.14977798990755317
2224,0.25615589245420545
2225,0.28345078320321015
2226,0.004859424224837192
2227,0.3069893218237699
2228,-0.012275063509760964
2229,-0.19294294535007425
2230,-0.30237111323897614
2231,-0.11534690848716245
2232,-0.5920410988770559
2233,-0.23201679964544786
2234,-0.2241626869783142
2235,-0.1936671920693737
2236,-0.1930846284985818
2237,-0.31194491613168535
2238,0.19508518121997281
2239,-0.03684525211826857
2240,-0.09124281249093215
2241,-0.29517365045437316
2242,0.19762096533010215
2243,0.17605331210527458
2244,0.18183000632452634
2245,0.13389481180133359
2246,-0.23406169785475772
2247,-0.43540068062546095
2248,0.023176120498217424
2249,0.2999471591785665
2250,0.04709641745084656
2251,-0.0018541835693878655
2252,0.04704080699439944
2253,0.33127468327023324
2254,-0.09288732291111805
2255,0.12873094263944382
2256,-0.18244563483045004
2257,-0.1661163976364271
2258,-0.18051313820029208
2259,0.06121556426294489
2260,-0.45101613773174676
2261,-0.10858508469004642
2262,-0.0813175139757963
2263,-0.18801118076552015
2264,0.166465866416131
2265,0.2195979300467522
2266,0.08376852427697137
2267,0.25533669106666834
2268,0.1658052542574573
2269,0.5797911925992637
2270,-0.06474623772098922
2271,0.06795339351856701
2272,-0.06857997790288733
2273,-0.5542744201960955
2274,-0.23745316948334128
2275,-0.4264558599851591
2276,-0.002066690739247923
2277,-0.16927014644767674
2278,0.1556537674953761
2279,-0.2229192700035281
2280,0.39581248583651685
2281,0.3239605520044639
2282,-0.036115989269033116
2283,0.08448886364193912
2284,0.010916512491010819
2285,-0.047823668628915794
2286,0.09581630676393474
2287,-0.34394943296905445
2288,-0.19202900468293055
2289,-0.24222836739283243
2290,0.017365229474419652
2291,-0.5125607813594355
2292,-0.2008679982374041
2293,0.029377773143451566
2294,0.2424624861000832
2295,0.26621455102071134
2296,-0.11631587512534297
2297,-0.09786529803257012
2298,0.36514099560270086
2299,-0.008424996355847814
2300,0.012766799440192232
2301,0.18004220129157225
2302,0.1229079987185
2303,-0.21707973786558046
2304,0.10108696714538498
2305,-0.3602831568881362
2306,0.08884972133104467
2307,0.1383758695979844
2308,-0.04801111548953256
2309,0.07024140551771522
2310,0.08927961515963981
2311,-0.06017664309726311
2312,0.08501602486800063
2313,-0.07436346713571881
2314,-0.08465260089798068
2315,0.1103027723148165
2316,-0.0347602315211866
2317,0.1596636226300101
2318,0.18471664492956436
2319,0.036046096596993066
2320,-0.16341197632517057
2321,-0.010183866914942781
2322,-0.18161310909229622
2323,-0.11116946644423106
2324,0.11545280641856775
2325,0.4763685178264279
2326,-0.07369245440881815
2327,0.165279106419486
2328,0.27226193406412846
2329,0.12479668073073195
2330,0.1812538718208245
2331,-0.24779010781746813
2332,0.054859528383881334
2333,-0.18298633349778548
2334,-0.18098230326784978
2335,-0.24437152921798064
2336,-0.05887751645826117
2337,-0.0018666409077625623
2338,0.2555234701923594
2339,0.24861848119250263
2340,0.1517070000051416
2341,0.10126449484800829
2342,0.13478871148999122
2343,-0.17660610630727003
2344,-0.03281991522505648
2345,-0.27326154739382236
2346,0.04024973474331249
2347,0.24148499348619962
2348,-0.020561697841301643
2349,-0.3085956383968069
2350,0.3773188176885595
2351,0.015170649776084389
2352,0.2494275163847427
2353,-0.03891534554584379
2354,0.00883353701897089
2355,-0.013400705361921561
2356,-0.30132865969561085
2357,-0.2798352841279828
2358,0.02030282448525459
2359,0.15000995049119736
2360,-0.08497196278355836
2361,-0.21656343079027163
2362,-0.06652623942278223
2363,0.020221848507353625
2364,-0.13038407757163217
2365,0.06541914337504849
2366,-0.42951187247339456
2367,-0.1842302989253658
2368,-0.2341792448495294
2369,0.21761250131092286
2370,-0.049076601137100384
2371,-0.24385169454750777
2372,0.11178589429225858
2373,0.12341846237182719
2374,0.5483615381246822
2375,0.4300187946682477
2376,0.05946654770893434
2377,-0.15234796629592678
2378,0.03501309076625274
2379,-0.3711468404694595
2380,-0.27066398363358823
2381,0.2690486249841842
2382,0.0015803370070702136
2383,0.0708208107293331
2384,-0.45985314004597155
2385,-0.08520416414742002
2386,-0.031496012125213094
2387,-0.31951261473160164
2388,-0.11206396053444334
2389,-0.4815673491123438
2390,-0.07314990489744079
2391,0.07944062597466854
2392,-0.2991310628644504
2393,0.03631335411859965
2394,-0.24489648786376825
2395,-0.24665589075763755
2396,-0.6771265770852997
2397,0.1985146092510783
2398,-0.24869493358321632
2399,-0.24395098645881985
2400,-0.2480985739571458
2401,0.15107977396857591
2402,-0.056283197300434615
2403,0.2684110816626232
2404,0.3202031817426306
2405,0.3059603541707099
2406,0.26226875048174225
2407,0.11741266302865362
2408,0.2365852625256979
2409,0.14761995440438366
2410,-0.024520813907997888
2411,0.090449724577929
2412,0.09587294555798201
2413,-0.1778452377997555
2414,-0.271886459171592
2415,-0.3427060344962292
2416,0.18865341191662507
2417,0.03535298748422233
2418,-0.2721464744661105
2419,-0.01755579433724666
2420,-0.31245559656076516
2421,0.051221206670947594
2422,0.012073035136021731
2423,0.08985123649161902
2424,0.019151000837521984
2425,0.0188207481178691
2426,-0.09092218943227914
2427,-0.23586480349725425
2428,0.09388933208667323
2429,-0.2965657662188219
2430,-0.04979535993178734
2431,-0.15843705414290804
2432,0.08108104751649739
2433,0.04476957072762744
2434,0.2935747348992739
2435,0.06071617216232807
2436,0.34865806136132405
2437,-0.13575990248020042
2438,-0.13934085497835544
2439,0.1768739069736133
2440,0.08628401545296674
2441,-0.03591292968463458
2442,-0.07317686827357085
2443,-0.22396144531905043
2444,-0.151595108973376
2445,-0.09945746473354969
2446,-0.07229309574399519
2447,-0.05898696765559998
2448,-0.07874281429450262
2449,0.2354115847666141
2450,0.180533563878918
2451,0.12585016493708295
2452,0.2519853852042532
2453,0.1453162456658214
2454,-0.22476610803926045
2455,0.09312823831683391
2456,-0.3900897320155512
2457,-0.4269102169180763
2458,-0.21851690638608162
2459,-0.03458911625758212
2460,-0.36211120177348866
2461,-0.06229236663566659
2462,0.3331423236809646
2463,0.08243465825943033
2464,0.13155810969302237
2465,0.29788000877221676
2466,0.36620865969714045
2467,0.025208481490210582
2468,0.30534202214753897
2469,-0.34200424788626393
2470,-0.1781743261348305
2471,-0.05296412562020057
2472,0.025832877394607906
2473,0.12214743197481145
2474,0.027917500661822928
2475,-0.17324663576069838
2476,-0.028136165453215924
2477,-0.1133310808859305
2478,0.02734256435981933
2479,0.19571140116480007
2480,0.4488982901700683
2481,0.3090212906878245
2482,0.20526945333282365
2483,0.023574241318362374
2484,-0.17440783712733132
2485,0.18037325786396852
2486,-0.20288497936646213
2487,-0.08574988111063514
2488,0.11766673203719798
2489,0.05790017328642764
2490,-0.07636700808821496
2491,-0.05392837870129598
2492,-0.22605662698615953
2493,-0.09897696093722602
2494,0.2587278957647958
2495,0.04130276874691618
2496,0.09648331982699171
2497,0.44528005056985653
2498,-0.11381171774066351
2499,-0.22712912987361636
2500,0.050546369564992255
